,activation_0,activation_1,activation_2,activation_3,activation_4,dist,id,vel
0,"[  1.8552438   33.95441055  28.23661613  54.91519547  34.46562195
  51.70822144  35.68473816  29.50929451  58.35853958   0.16634473]","[  2.36345649   5.20209837   4.09837532   6.84448624   6.71183109
   6.84210777   6.27496719   6.170403    10.66378403   0.98644006]","[ 0.78128618  0.42076731  0.25380394  0.41504028  0.27524331  0.08465776
  0.02433511  0.06507172  0.22060007  0.15393239]","[ 12.68012238  13.86580849  15.32198238  19.43412018   6.62203836
   3.12725854   8.1028223    8.14602947   9.09931183   0.08661022]","[ 42.00469971  50.42196655  67.53725433  74.86345673  12.65346813
  30.73546219  46.36077118  37.34934616  47.58173752   5.91697264]",24.992307663,0,2.0
1,"[  3.39544106e+01   2.82366161e+01   5.49151955e+01   3.44656219e+01
   5.17082214e+01   3.56847382e+01   2.95092945e+01   5.83585396e+01
   1.66344732e-01   6.16585571e+02]","[   5.20209837    4.09837532    6.84448624    6.71183109    6.84210777
    6.27496719    6.170403     10.66378403    0.98644006  190.11700439]","[  4.20767307e-01   2.53803939e-01   4.15040284e-01   2.75243312e-01
   8.46577585e-02   2.43351143e-02   6.50717244e-02   2.20600069e-01
   1.53932393e-01   2.51665535e+01]","[  1.38658085e+01   1.53219824e+01   1.94341202e+01   6.62203836e+00
   3.12725854e+00   8.10282230e+00   8.14602947e+00   9.09931183e+00
   8.66102204e-02   2.34486374e+02]","[  50.42196655   67.53725433   74.86345673   12.65346813   30.73546219
   46.36077118   37.34934616   47.58173752    5.91697264  254.61169434]",24.9862594604,0,2.0
2,"[  2.82366161e+01   5.49151955e+01   3.44656219e+01   5.17082214e+01
   3.56847382e+01   2.95092945e+01   5.83585396e+01   1.66344732e-01
   6.16585571e+02   4.31737457e+02]","[   4.09837532    6.84448624    6.71183109    6.84210777    6.27496719
    6.170403     10.66378403    0.98644006  190.11700439  124.99533081]","[  2.53803939e-01   4.15040284e-01   2.75243312e-01   8.46577585e-02
   2.43351143e-02   6.50717244e-02   2.20600069e-01   1.53932393e-01
   2.51665535e+01   1.65985546e+01]","[  1.53219824e+01   1.94341202e+01   6.62203836e+00   3.12725854e+00
   8.10282230e+00   8.14602947e+00   9.09931183e+00   8.66102204e-02
   2.34486374e+02   2.73843903e+02]","[  67.53725433   74.86345673   12.65346813   30.73546219   46.36077118
   37.34934616   47.58173752    5.91697264  254.61169434  605.98913574]",24.9665927887,0,2.0
3,"[  5.49151955e+01   3.44656219e+01   5.17082214e+01   3.56847382e+01
   2.95092945e+01   5.83585396e+01   1.66344732e-01   6.16585571e+02
   4.31737457e+02   6.11118164e+02]","[   6.84448624    6.71183109    6.84210777    6.27496719    6.170403
   10.66378403    0.98644006  190.11700439  124.99533081  176.37501526]","[  4.15040284e-01   2.75243312e-01   8.46577585e-02   2.43351143e-02
   6.50717244e-02   2.20600069e-01   1.53932393e-01   2.51665535e+01
   1.65985546e+01   1.47228730e+00]","[  1.94341202e+01   6.62203836e+00   3.12725854e+00   8.10282230e+00
   8.14602947e+00   9.09931183e+00   8.66102204e-02   2.34486374e+02
   2.73843903e+02   3.89427257e+00]","[  74.86345673   12.65346813   30.73546219   46.36077118   37.34934616
   47.58173752    5.91697264  254.61169434  605.98913574  163.45727539]",24.9263401031,0,2.0
4,"[  3.44656219e+01   5.17082214e+01   3.56847382e+01   2.95092945e+01
   5.83585396e+01   1.66344732e-01   6.16585571e+02   4.31737457e+02
   6.11118164e+02   6.64697388e+02]","[   6.71183109    6.84210777    6.27496719    6.170403     10.66378403
    0.98644006  190.11700439  124.99533081  176.37501526   87.28530884]","[  2.75243312e-01   8.46577585e-02   2.43351143e-02   6.50717244e-02
   2.20600069e-01   1.53932393e-01   2.51665535e+01   1.65985546e+01
   1.47228730e+00   6.31827593e-01]","[  6.62203836e+00   3.12725854e+00   8.10282230e+00   8.14602947e+00
   9.09931183e+00   8.66102204e-02   2.34486374e+02   2.73843903e+02
   3.89427257e+00   2.66582306e+02]","[  12.65346813   30.73546219   46.36077118   37.34934616   47.58173752
    5.91697264  254.61169434  605.98913574  163.45727539  342.6138916 ]",24.8518829346,0,2.0
5,"[  5.17082214e+01   3.56847382e+01   2.95092945e+01   5.83585396e+01
   1.66344732e-01   6.16585571e+02   4.31737457e+02   6.11118164e+02
   6.64697388e+02   1.82456223e+02]","[   6.84210777    6.27496719    6.170403     10.66378403    0.98644006
  190.11700439  124.99533081  176.37501526   87.28530884   11.49146938]","[  8.46577585e-02   2.43351143e-02   6.50717244e-02   2.20600069e-01
   1.53932393e-01   2.51665535e+01   1.65985546e+01   1.47228730e+00
   6.31827593e-01   2.65770340e+00]","[  3.12725854e+00   8.10282230e+00   8.14602947e+00   9.09931183e+00
   8.66102204e-02   2.34486374e+02   2.73843903e+02   3.89427257e+00
   2.66582306e+02   3.37462540e+01]","[  30.73546219   46.36077118   37.34934616   47.58173752    5.91697264
  254.61169434  605.98913574  163.45727539  342.6138916   172.8977356 ]",24.7481765747,0,2.0
6,"[  3.56847382e+01   2.95092945e+01   5.83585396e+01   1.66344732e-01
   6.16585571e+02   4.31737457e+02   6.11118164e+02   6.64697388e+02
   1.82456223e+02   2.74169922e+02]","[   6.27496719    6.170403     10.66378403    0.98644006  190.11700439
  124.99533081  176.37501526   87.28530884   11.49146938   68.48231506]","[  2.43351143e-02   6.50717244e-02   2.20600069e-01   1.53932393e-01
   2.51665535e+01   1.65985546e+01   1.47228730e+00   6.31827593e-01
   2.65770340e+00   5.49712086e+00]","[  8.10282230e+00   8.14602947e+00   9.09931183e+00   8.66102204e-02
   2.34486374e+02   2.73843903e+02   3.89427257e+00   2.66582306e+02
   3.37462540e+01   8.76999435e+01]","[  46.36077118   37.34934616   47.58173752    5.91697264  254.61169434
  605.98913574  163.45727539  342.6138916   172.8977356   276.91174316]",24.6214332581,0,2.0
7,"[  2.95092945e+01   5.83585396e+01   1.66344732e-01   6.16585571e+02
   4.31737457e+02   6.11118164e+02   6.64697388e+02   1.82456223e+02
   2.74169922e+02   3.32837128e+02]","[   6.170403     10.66378403    0.98644006  190.11700439  124.99533081
  176.37501526   87.28530884   11.49146938   68.48231506    4.1808691 ]","[  0.06507172   0.22060007   0.15393239  25.1665535   16.59855461
   1.4722873    0.63182759   2.6577034    5.49712086   3.39124894]","[  8.14602947e+00   9.09931183e+00   8.66102204e-02   2.34486374e+02
   2.73843903e+02   3.89427257e+00   2.66582306e+02   3.37462540e+01
   8.76999435e+01   1.82296860e+02]","[  37.34934616   47.58173752    5.91697264  254.61169434  605.98913574
  163.45727539  342.6138916   172.8977356   276.91174316  495.92675781]",24.4776687622,0,2.0
8,"[  5.83585396e+01   1.66344732e-01   6.16585571e+02   4.31737457e+02
   6.11118164e+02   6.64697388e+02   1.82456223e+02   2.74169922e+02
   3.32837128e+02   3.26314423e+02]","[  10.66378403    0.98644006  190.11700439  124.99533081  176.37501526
   87.28530884   11.49146938   68.48231506    4.1808691    79.19867706]","[  0.22060007   0.15393239  25.1665535   16.59855461   1.4722873
   0.63182759   2.6577034    5.49712086   3.39124894   4.929317  ]","[  9.09931183e+00   8.66102204e-02   2.34486374e+02   2.73843903e+02
   3.89427257e+00   2.66582306e+02   3.37462540e+01   8.76999435e+01
   1.82296860e+02   5.49774475e+01]","[  47.58173752    5.91697264  254.61169434  605.98913574  163.45727539
  342.6138916   172.8977356   276.91174316  495.92675781  229.28579712]",24.3230686188,0,2.0
9,"[  1.66344732e-01   6.16585571e+02   4.31737457e+02   6.11118164e+02
   6.64697388e+02   1.82456223e+02   2.74169922e+02   3.32837128e+02
   3.26314423e+02   1.86796753e+02]","[   0.98644006  190.11700439  124.99533081  176.37501526   87.28530884
   11.49146938   68.48231506    4.1808691    79.19867706   56.27406693]","[  0.15393239  25.1665535   16.59855461   1.4722873    0.63182759
   2.6577034    5.49712086   3.39124894   4.929317     4.31672621]","[  8.66102204e-02   2.34486374e+02   2.73843903e+02   3.89427257e+00
   2.66582306e+02   3.37462540e+01   8.76999435e+01   1.82296860e+02
   5.49774475e+01   5.28167572e+01]","[   5.91697264  254.61169434  605.98913574  163.45727539  342.6138916
  172.8977356   276.91174316  495.92675781  229.28579712  248.22131348]",24.1607837677,0,2.0
10,"[ 616.58557129  431.73745728  611.11816406  664.6973877   182.45622253
  274.16992188  332.83712769  326.31442261  186.79675293  222.59141541]","[ 190.11700439  124.99533081  176.37501526   87.28530884   11.49146938
   68.48231506    4.1808691    79.19867706   56.27406693   61.6499176 ]","[ 25.1665535   16.59855461   1.4722873    0.63182759   2.6577034
   5.49712086   3.39124894   4.929317     4.31672621   4.02330351]","[ 234.4863739   273.84390259    3.89427257  266.58230591   33.74625397
   87.69994354  182.29685974   54.97744751   52.8167572    64.03526306]","[ 254.61169434  605.98913574  163.45727539  342.6138916   172.8977356
  276.91174316  495.92675781  229.28579712  248.22131348  245.94711304]",23.9925174713,0,2.0
11,"[ 431.73745728  611.11816406  664.6973877   182.45622253  274.16992188
  332.83712769  326.31442261  186.79675293  222.59141541   45.98639679]","[ 124.99533081  176.37501526   87.28530884   11.49146938   68.48231506
    4.1808691    79.19867706   56.27406693   61.6499176    16.59151077]","[ 16.59855461   1.4722873    0.63182759   2.6577034    5.49712086
   3.39124894   4.929317     4.31672621   4.02330351   1.8411988 ]","[ 273.84390259    3.89427257  266.58230591   33.74625397   87.69994354
  182.29685974   54.97744751   52.8167572    64.03526306   69.00696564]","[ 605.98913574  163.45727539  342.6138916   172.8977356   276.91174316
  495.92675781  229.28579712  248.22131348  245.94711304  136.47596741]",23.8197746277,0,2.0
12,"[ 611.11816406  664.6973877   182.45622253  274.16992188  332.83712769
  326.31442261  186.79675293  222.59141541   45.98639679  177.35899353]","[ 176.37501526   87.28530884   11.49146938   68.48231506    4.1808691
   79.19867706   56.27406693   61.6499176    16.59151077   28.40275574]","[ 1.4722873   0.63182759  2.6577034   5.49712086  3.39124894  4.929317
  4.31672621  4.02330351  1.8411988   3.79605699]","[   3.89427257  266.58230591   33.74625397   87.69994354  182.29685974
   54.97744751   52.8167572    64.03526306   69.00696564  109.58582306]","[ 163.45727539  342.6138916   172.8977356   276.91174316  495.92675781
  229.28579712  248.22131348  245.94711304  136.47596741  203.38526917]",23.6429519653,0,2.0
13,"[ 664.6973877   182.45622253  274.16992188  332.83712769  326.31442261
  186.79675293  222.59141541   45.98639679  177.35899353   91.55639648]","[ 87.28530884  11.49146938  68.48231506   4.1808691   79.19867706
  56.27406693  61.6499176   16.59151077  28.40275574  38.64493561]","[ 0.63182759  2.6577034   5.49712086  3.39124894  4.929317    4.31672621
  4.02330351  1.8411988   3.79605699  0.60073131]","[ 266.58230591   33.74625397   87.69994354  182.29685974   54.97744751
   52.8167572    64.03526306   69.00696564  109.58582306    7.51290798]","[ 342.6138916   172.8977356   276.91174316  495.92675781  229.28579712
  248.22131348  245.94711304  136.47596741  203.38526917  188.90203857]",23.4629058838,0,2.0
14,"[ 182.45622253  274.16992188  332.83712769  326.31442261  186.79675293
  222.59141541   45.98639679  177.35899353   91.55639648   96.86217499]","[ 11.49146938  68.48231506   4.1808691   79.19867706  56.27406693
  61.6499176   16.59151077  28.40275574  38.64493561  33.51392365]","[ 2.6577034   5.49712086  3.39124894  4.929317    4.31672621  4.02330351
  1.8411988   3.79605699  0.60073131  0.62229812]","[  33.74625397   87.69994354  182.29685974   54.97744751   52.8167572
   64.03526306   69.00696564  109.58582306    7.51290798    7.35921049]","[ 172.8977356   276.91174316  495.92675781  229.28579712  248.22131348
  245.94711304  136.47596741  203.38526917  188.90203857  165.05882263]",23.2796134949,0,2.0
15,"[ 274.16992188  332.83712769  326.31442261  186.79675293  222.59141541
   45.98639679  177.35899353   91.55639648   96.86217499   80.34257507]","[ 68.48231506   4.1808691   79.19867706  56.27406693  61.6499176
  16.59151077  28.40275574  38.64493561  33.51392365  20.82541656]","[ 5.49712086  3.39124894  4.929317    4.31672621  4.02330351  1.8411988
  3.79605699  0.60073131  0.62229812  0.92793298]","[  87.69994354  182.29685974   54.97744751   52.8167572    64.03526306
   69.00696564  109.58582306    7.51290798    7.35921049   24.68715096]","[ 276.91174316  495.92675781  229.28579712  248.22131348  245.94711304
  136.47596741  203.38526917  188.90203857  165.05882263  150.61550903]",23.0931854248,0,2.0
16,"[ 332.83712769  326.31442261  186.79675293  222.59141541   45.98639679
  177.35899353   91.55639648   96.86217499   80.34257507   27.58785629]","[  4.1808691   79.19867706  56.27406693  61.6499176   16.59151077
  28.40275574  38.64493561  33.51392365  20.82541656   7.88308287]","[ 3.39124894  4.929317    4.31672621  4.02330351  1.8411988   3.79605699
  0.60073131  0.62229812  0.92793298  1.53781855]","[ 182.29685974   54.97744751   52.8167572    64.03526306   69.00696564
  109.58582306    7.51290798    7.35921049   24.68715096   79.74726868]","[ 495.92675781  229.28579712  248.22131348  245.94711304  136.47596741
  203.38526917  188.90203857  165.05882263  150.61550903  248.02684021]",22.9041213989,0,2.0
17,"[ 326.31442261  186.79675293  222.59141541   45.98639679  177.35899353
   91.55639648   96.86217499   80.34257507   27.58785629    7.49482298]","[ 79.19867706  56.27406693  61.6499176   16.59151077  28.40275574
  38.64493561  33.51392365  20.82541656   7.88308287   7.50642109]","[ 4.929317    4.31672621  4.02330351  1.8411988   3.79605699  0.60073131
  0.62229812  0.92793298  1.53781855  0.46448603]","[  54.97744751   52.8167572    64.03526306   69.00696564  109.58582306
    7.51290798    7.35921049   24.68715096   79.74726868    3.50666499]","[ 229.28579712  248.22131348  245.94711304  136.47596741  203.38526917
  188.90203857  165.05882263  150.61550903  248.02684021   23.3019352 ]",22.712562561,0,2.0
18,"[ 186.79675293  222.59141541   45.98639679  177.35899353   91.55639648
   96.86217499   80.34257507   27.58785629    7.49482298  238.29550171]","[  56.27406693   61.6499176    16.59151077   28.40275574   38.64493561
   33.51392365   20.82541656    7.88308287    7.50642109  105.75722504]","[ 4.31672621  4.02330351  1.8411988   3.79605699  0.60073131  0.62229812
  0.92793298  1.53781855  0.46448603  7.6801424 ]","[  52.8167572    64.03526306   69.00696564  109.58582306    7.51290798
    7.35921049   24.68715096   79.74726868    3.50666499   28.4240799 ]","[ 248.22131348  245.94711304  136.47596741  203.38526917  188.90203857
  165.05882263  150.61550903  248.02684021   23.3019352   135.71536255]",22.5190162659,0,2.0
19,"[ 222.59141541   45.98639679  177.35899353   91.55639648   96.86217499
   80.34257507   27.58785629    7.49482298  238.29550171  101.9766922 ]","[  61.6499176    16.59151077   28.40275574   38.64493561   33.51392365
   20.82541656    7.88308287    7.50642109  105.75722504   27.79026985]","[ 4.02330351  1.8411988   3.79605699  0.60073131  0.62229812  0.92793298
  1.53781855  0.46448603  7.6801424   1.85220683]","[  64.03526306   69.00696564  109.58582306    7.51290798    7.35921049
   24.68715096   79.74726868    3.50666499   28.4240799   115.61186981]","[ 245.94711304  136.47596741  203.38526917  188.90203857  165.05882263
  150.61550903  248.02684021   23.3019352   135.71536255  234.99745178]",22.3235015869,0,2.0
20,"[  45.98639679  177.35899353   91.55639648   96.86217499   80.34257507
   27.58785629    7.49482298  238.29550171  101.9766922   186.90516663]","[  16.59151077   28.40275574   38.64493561   33.51392365   20.82541656
    7.88308287    7.50642109  105.75722504   27.79026985   70.92406464]","[ 1.8411988   3.79605699  0.60073131  0.62229812  0.92793298  1.53781855
  0.46448603  7.6801424   1.85220683  0.74508381]","[  69.00696564  109.58582306    7.51290798    7.35921049   24.68715096
   79.74726868    3.50666499   28.4240799   115.61186981   97.47425842]","[ 136.47596741  203.38526917  188.90203857  165.05882263  150.61550903
  248.02684021   23.3019352   135.71536255  234.99745178  287.35757446]",22.1262264252,0,2.0
21,"[ 177.35899353   91.55639648   96.86217499   80.34257507   27.58785629
    7.49482298  238.29550171  101.9766922   186.90516663   44.09118652]","[  28.40275574   38.64493561   33.51392365   20.82541656    7.88308287
    7.50642109  105.75722504   27.79026985   70.92406464   48.49642563]","[ 3.79605699  0.60073131  0.62229812  0.92793298  1.53781855  0.46448603
  7.6801424   1.85220683  0.74508381  4.9782958 ]","[ 109.58582306    7.51290798    7.35921049   24.68715096   79.74726868
    3.50666499   28.4240799   115.61186981   97.47425842   73.02091217]","[ 203.38526917  188.90203857  165.05882263  150.61550903  248.02684021
   23.3019352   135.71536255  234.99745178  287.35757446  227.25230408]",21.9286651611,0,2.0
22,"[  91.55639648   96.86217499   80.34257507   27.58785629    7.49482298
  238.29550171  101.9766922   186.90516663   44.09118652   77.29191589]","[  38.64493561   33.51392365   20.82541656    7.88308287    7.50642109
  105.75722504   27.79026985   70.92406464   48.49642563   10.07509708]","[ 0.60073131  0.62229812  0.92793298  1.53781855  0.46448603  7.6801424
  1.85220683  0.74508381  4.9782958   2.34450006]","[   7.51290798    7.35921049   24.68715096   79.74726868    3.50666499
   28.4240799   115.61186981   97.47425842   73.02091217  114.28037262]","[ 188.90203857  165.05882263  150.61550903  248.02684021   23.3019352
  135.71536255  234.99745178  287.35757446  227.25230408  284.9359436 ]",21.7296848297,0,2.0
23,"[  96.86217499   80.34257507   27.58785629    7.49482298  238.29550171
  101.9766922   186.90516663   44.09118652   77.29191589   69.10948181]","[  33.51392365   20.82541656    7.88308287    7.50642109  105.75722504
   27.79026985   70.92406464   48.49642563   10.07509708    4.09638691]","[ 0.62229812  0.92793298  1.53781855  0.46448603  7.6801424   1.85220683
  0.74508381  4.9782958   2.34450006  5.41045952]","[   7.35921049   24.68715096   79.74726868    3.50666499   28.4240799
  115.61186981   97.47425842   73.02091217  114.28037262  182.21647644]","[ 165.05882263  150.61550903  248.02684021   23.3019352   135.71536255
  234.99745178  287.35757446  227.25230408  284.9359436   417.74584961]",21.5298347473,0,2.0
24,"[  80.34257507   27.58785629    7.49482298  238.29550171  101.9766922
  186.90516663   44.09118652   77.29191589   69.10948181  159.68859863]","[  20.82541656    7.88308287    7.50642109  105.75722504   27.79026985
   70.92406464   48.49642563   10.07509708    4.09638691   14.58037758]","[ 0.92793298  1.53781855  0.46448603  7.6801424   1.85220683  0.74508381
  4.9782958   2.34450006  5.41045952  0.51127094]","[  24.68715096   79.74726868    3.50666499   28.4240799   115.61186981
   97.47425842   73.02091217  114.28037262  182.21647644   49.71461487]","[ 150.61550903  248.02684021   23.3019352   135.71536255  234.99745178
  287.35757446  227.25230408  284.9359436   417.74584961  245.25747681]",21.3289241791,0,2.0
25,"[  27.58785629    7.49482298  238.29550171  101.9766922   186.90516663
   44.09118652   77.29191589   69.10948181  159.68859863  172.2771759 ]","[   7.88308287    7.50642109  105.75722504   27.79026985   70.92406464
   48.49642563   10.07509708    4.09638691   14.58037758   75.43483734]","[ 1.53781855  0.46448603  7.6801424   1.85220683  0.74508381  4.9782958
  2.34450006  5.41045952  0.51127094  2.2782495 ]","[  79.74726868    3.50666499   28.4240799   115.61186981   97.47425842
   73.02091217  114.28037262  182.21647644   49.71461487   33.50489044]","[ 248.02684021   23.3019352   135.71536255  234.99745178  287.35757446
  227.25230408  284.9359436   417.74584961  245.25747681   26.20792389]",21.1274814606,0,2.0
26,"[   7.49482298  238.29550171  101.9766922   186.90516663   44.09118652
   77.29191589   69.10948181  159.68859863  172.2771759    27.22749138]","[   7.50642109  105.75722504   27.79026985   70.92406464   48.49642563
   10.07509708    4.09638691   14.58037758   75.43483734    5.33284378]","[ 0.46448603  7.6801424   1.85220683  0.74508381  4.9782958   2.34450006
  5.41045952  0.51127094  2.2782495   1.3952378 ]","[   3.50666499   28.4240799   115.61186981   97.47425842   73.02091217
  114.28037262  182.21647644   49.71461487   33.50489044   70.87333679]","[  23.3019352   135.71536255  234.99745178  287.35757446  227.25230408
  284.9359436   417.74584961  245.25747681   26.20792389  246.09384155]",20.9250278473,0,2.0
27,"[ 238.29550171  101.9766922   186.90516663   44.09118652   77.29191589
   69.10948181  159.68859863  172.2771759    27.22749138   71.09242249]","[ 105.75722504   27.79026985   70.92406464   48.49642563   10.07509708
    4.09638691   14.58037758   75.43483734    5.33284378   26.37783813]","[ 7.6801424   1.85220683  0.74508381  4.9782958   2.34450006  5.41045952
  0.51127094  2.2782495   1.3952378   2.97442651]","[  28.4240799   115.61186981   97.47425842   73.02091217  114.28037262
  182.21647644   49.71461487   33.50489044   70.87333679   78.64144897]","[ 135.71536255  234.99745178  287.35757446  227.25230408  284.9359436
  417.74584961  245.25747681   26.20792389  246.09384155  255.14556885]",20.7218418121,0,2.0
28,"[ 101.9766922   186.90516663   44.09118652   77.29191589   69.10948181
  159.68859863  172.2771759    27.22749138   71.09242249   60.84022141]","[ 27.79026985  70.92406464  48.49642563  10.07509708   4.09638691
  14.58037758  75.43483734   5.33284378  26.37783813  43.47117996]","[ 1.85220683  0.74508381  4.9782958   2.34450006  5.41045952  0.51127094
  2.2782495   1.3952378   2.97442651  3.2822988 ]","[ 115.61186981   97.47425842   73.02091217  114.28037262  182.21647644
   49.71461487   33.50489044   70.87333679   78.64144897   24.64145088]","[ 234.99745178  287.35757446  227.25230408  284.9359436   417.74584961
  245.25747681   26.20792389  246.09384155  255.14556885  185.52668762]",20.517829895,0,2.0
29,"[ 186.90516663   44.09118652   77.29191589   69.10948181  159.68859863
  172.2771759    27.22749138   71.09242249   60.84022141   80.09243011]","[ 70.92406464  48.49642563  10.07509708   4.09638691  14.58037758
  75.43483734   5.33284378  26.37783813  43.47117996   7.87553835]","[ 0.74508381  4.9782958   2.34450006  5.41045952  0.51127094  2.2782495
  1.3952378   2.97442651  3.2822988   2.73254561]","[  97.47425842   73.02091217  114.28037262  182.21647644   49.71461487
   33.50489044   70.87333679   78.64144897   24.64145088   78.54621124]","[ 287.35757446  227.25230408  284.9359436   417.74584961  245.25747681
   26.20792389  246.09384155  255.14556885  185.52668762  178.41564941]",20.3128433228,0,2.0
30,"[  44.09118652   77.29191589   69.10948181  159.68859863  172.2771759
   27.22749138   71.09242249   60.84022141   80.09243011    3.62773395]","[ 48.49642563  10.07509708   4.09638691  14.58037758  75.43483734
   5.33284378  26.37783813  43.47117996   7.87553835  12.80345345]","[ 4.9782958   2.34450006  5.41045952  0.51127094  2.2782495   1.3952378
  2.97442651  3.2822988   2.73254561  2.67448759]","[  73.02091217  114.28037262  182.21647644   49.71461487   33.50489044
   70.87333679   78.64144897   24.64145088   78.54621124   96.44095612]","[ 227.25230408  284.9359436   417.74584961  245.25747681   26.20792389
  246.09384155  255.14556885  185.52668762  178.41564941  289.14007568]",20.1070919037,0,2.0
31,"[  77.29191589   69.10948181  159.68859863  172.2771759    27.22749138
   71.09242249   60.84022141   80.09243011    3.62773395    5.14949417]","[ 10.07509708   4.09638691  14.58037758  75.43483734   5.33284378
  26.37783813  43.47117996   7.87553835  12.80345345   1.25999558]","[ 2.34450006  5.41045952  0.51127094  2.2782495   1.3952378   2.97442651
  3.2822988   2.73254561  2.67448759  1.89492631]","[ 114.28037262  182.21647644   49.71461487   33.50489044   70.87333679
   78.64144897   24.64145088   78.54621124   96.44095612   88.8700943 ]","[ 284.9359436   417.74584961  245.25747681   26.20792389  246.09384155
  255.14556885  185.52668762  178.41564941  289.14007568  286.07571411]",19.9010467529,0,2.0
32,"[  69.10948181  159.68859863  172.2771759    27.22749138   71.09242249
   60.84022141   80.09243011    3.62773395    5.14949417  119.54385376]","[  4.09638691  14.58037758  75.43483734   5.33284378  26.37783813
  43.47117996   7.87553835  12.80345345   1.25999558  35.8509407 ]","[ 5.41045952  0.51127094  2.2782495   1.3952378   2.97442651  3.2822988
  2.73254561  2.67448759  1.89492631  2.094661  ]","[ 182.21647644   49.71461487   33.50489044   70.87333679   78.64144897
   24.64145088   78.54621124   96.44095612   88.8700943    63.50263977]","[ 417.74584961  245.25747681   26.20792389  246.09384155  255.14556885
  185.52668762  178.41564941  289.14007568  286.07571411  294.08374023]",19.695110321,0,2.0
33,"[ 159.68859863  172.2771759    27.22749138   71.09242249   60.84022141
   80.09243011    3.62773395    5.14949417  119.54385376   66.65666962]","[ 14.58037758  75.43483734   5.33284378  26.37783813  43.47117996
   7.87553835  12.80345345   1.25999558  35.8509407   69.14867401]","[ 0.51127094  2.2782495   1.3952378   2.97442651  3.2822988   2.73254561
  2.67448759  1.89492631  2.094661    1.12460494]","[  49.71461487   33.50489044   70.87333679   78.64144897   24.64145088
   78.54621124   96.44095612   88.8700943    63.50263977  135.21078491]","[ 245.25747681   26.20792389  246.09384155  255.14556885  185.52668762
  178.41564941  289.14007568  286.07571411  294.08374023  305.55776978]",19.4885902405,0,2.0
34,"[ 172.2771759    27.22749138   71.09242249   60.84022141   80.09243011
    3.62773395    5.14949417  119.54385376   66.65666962  187.3506012 ]","[ 75.43483734   5.33284378  26.37783813  43.47117996   7.87553835
  12.80345345   1.25999558  35.8509407   69.14867401  43.10503769]","[ 2.2782495   1.3952378   2.97442651  3.2822988   2.73254561  2.67448759
  1.89492631  2.094661    1.12460494  3.24287176]","[  33.50489044   70.87333679   78.64144897   24.64145088   78.54621124
   96.44095612   88.8700943    63.50263977  135.21078491   77.73475647]","[  26.20792389  246.09384155  255.14556885  185.52668762  178.41564941
  289.14007568  286.07571411  294.08374023  305.55776978  375.8085022 ]",19.2814826965,0,2.0
35,"[  27.22749138   71.09242249   60.84022141   80.09243011    3.62773395
    5.14949417  119.54385376   66.65666962  187.3506012   100.40668488]","[  5.33284378  26.37783813  43.47117996   7.87553835  12.80345345
   1.25999558  35.8509407   69.14867401  43.10503769  33.41703033]","[ 1.3952378   2.97442651  3.2822988   2.73254561  2.67448759  1.89492631
  2.094661    1.12460494  3.24287176  0.87814409]","[  70.87333679   78.64144897   24.64145088   78.54621124   96.44095612
   88.8700943    63.50263977  135.21078491   77.73475647   35.49294281]","[ 246.09384155  255.14556885  185.52668762  178.41564941  289.14007568
  286.07571411  294.08374023  305.55776978  375.8085022   286.19882202]",19.0753078461,0,2.0
36,"[  71.09242249   60.84022141   80.09243011    3.62773395    5.14949417
  119.54385376   66.65666962  187.3506012   100.40668488  110.6410141 ]","[ 26.37783813  43.47117996   7.87553835  12.80345345   1.25999558
  35.8509407   69.14867401  43.10503769  33.41703033   0.58917564]","[ 2.97442651  3.2822988   2.73254561  2.67448759  1.89492631  2.094661
  1.12460494  3.24287176  0.87814409  0.31231508]","[  78.64144897   24.64145088   78.54621124   96.44095612   88.8700943
   63.50263977  135.21078491   77.73475647   35.49294281  101.03430939]","[ 255.14556885  185.52668762  178.41564941  289.14007568  286.07571411
  294.08374023  305.55776978  375.8085022   286.19882202  223.59674072]",18.8687572479,0,2.0
37,"[  60.84022141   80.09243011    3.62773395    5.14949417  119.54385376
   66.65666962  187.3506012   100.40668488  110.6410141    61.78396606]","[ 43.47117996   7.87553835  12.80345345   1.25999558  35.8509407
  69.14867401  43.10503769  33.41703033   0.58917564  23.4863472 ]","[ 3.2822988   2.73254561  2.67448759  1.89492631  2.094661    1.12460494
  3.24287176  0.87814409  0.31231508  1.35567117]","[  24.64145088   78.54621124   96.44095612   88.8700943    63.50263977
  135.21078491   77.73475647   35.49294281  101.03430939   77.68996429]","[ 185.52668762  178.41564941  289.14007568  286.07571411  294.08374023
  305.55776978  375.8085022   286.19882202  223.59674072  364.39025879]",18.6627044678,0,2.0
38,"[  80.09243011    3.62773395    5.14949417  119.54385376   66.65666962
  187.3506012   100.40668488  110.6410141    61.78396606   53.29714966]","[  7.87553835  12.80345345   1.25999558  35.8509407   69.14867401
  43.10503769  33.41703033   0.58917564  23.4863472   17.39359093]","[ 2.73254561  2.67448759  1.89492631  2.094661    1.12460494  3.24287176
  0.87814409  0.31231508  1.35567117  0.76534927]","[  78.54621124   96.44095612   88.8700943    63.50263977  135.21078491
   77.73475647   35.49294281  101.03430939   77.68996429   22.36299706]","[ 178.41564941  289.14007568  286.07571411  294.08374023  305.55776978
  375.8085022   286.19882202  223.59674072  364.39025879  101.98618317]",18.4565544128,0,2.0
39,"[   3.62773395    5.14949417  119.54385376   66.65666962  187.3506012
  100.40668488  110.6410141    61.78396606   53.29714966  337.37796021]","[ 12.80345345   1.25999558  35.8509407   69.14867401  43.10503769
  33.41703033   0.58917564  23.4863472   17.39359093  69.23023987]","[ 2.67448759  1.89492631  2.094661    1.12460494  3.24287176  0.87814409
  0.31231508  1.35567117  0.76534927  1.62368202]","[  96.44095612   88.8700943    63.50263977  135.21078491   77.73475647
   35.49294281  101.03430939   77.68996429   22.36299706    5.47292805]","[ 289.14007568  286.07571411  294.08374023  305.55776978  375.8085022
  286.19882202  223.59674072  364.39025879  101.98618317   14.77466011]",18.0440578461,0,2.0
40,"[   5.14949417  119.54385376   66.65666962  187.3506012   100.40668488
  110.6410141    61.78396606   53.29714966  337.37796021  185.46603394]","[  1.25999558  35.8509407   69.14867401  43.10503769  33.41703033
   0.58917564  23.4863472   17.39359093  69.23023987  63.21878052]","[ 1.89492631  2.094661    1.12460494  3.24287176  0.87814409  0.31231508
  1.35567117  0.76534927  1.62368202  1.88877559]","[  88.8700943    63.50263977  135.21078491   77.73475647   35.49294281
  101.03430939   77.68996429   22.36299706    5.47292805   34.08304214]","[ 286.07571411  294.08374023  305.55776978  375.8085022   286.19882202
  223.59674072  364.39025879  101.98618317   14.77466011  259.43234253]",17.629858017,0,2.0
41,"[ 119.54385376   66.65666962  187.3506012   100.40668488  110.6410141
   61.78396606   53.29714966  337.37796021  185.46603394   34.95017242]","[ 35.8509407   69.14867401  43.10503769  33.41703033   0.58917564
  23.4863472   17.39359093  69.23023987  63.21878052   6.79690552]","[ 2.094661    1.12460494  3.24287176  0.87814409  0.31231508  1.35567117
  0.76534927  1.62368202  1.88877559  0.24965528]","[  63.50263977  135.21078491   77.73475647   35.49294281  101.03430939
   77.68996429   22.36299706    5.47292805   34.08304214   51.46446991]","[ 294.08374023  305.55776978  375.8085022   286.19882202  223.59674072
  364.39025879  101.98618317   14.77466011  259.43234253  198.19277954]",17.422208786,0,2.0
42,"[  66.65666962  187.3506012   100.40668488  110.6410141    61.78396606
   53.29714966  337.37796021  185.46603394   34.95017242   49.69397736]","[ 69.14867401  43.10503769  33.41703033   0.58917564  23.4863472
  17.39359093  69.23023987  63.21878052   6.79690552  11.90541267]","[ 1.12460494  3.24287176  0.87814409  0.31231508  1.35567117  0.76534927
  1.62368202  1.88877559  0.24965528  1.01101601]","[ 135.21078491   77.73475647   35.49294281  101.03430939   77.68996429
   22.36299706    5.47292805   34.08304214   51.46446991  101.21662903]","[ 305.55776978  375.8085022   286.19882202  223.59674072  364.39025879
  101.98618317   14.77466011  259.43234253  198.19277954  361.07501221]",17.2144260406,0,2.0
43,"[ 187.3506012   100.40668488  110.6410141    61.78396606   53.29714966
  337.37796021  185.46603394   34.95017242   49.69397736  103.16287994]","[ 43.10503769  33.41703033   0.58917564  23.4863472   17.39359093
  69.23023987  63.21878052   6.79690552  11.90541267  46.71170425]","[ 3.24287176  0.87814409  0.31231508  1.35567117  0.76534927  1.62368202
  1.88877559  0.24965528  1.01101601  1.98553836]","[  77.73475647   35.49294281  101.03430939   77.68996429   22.36299706
    5.47292805   34.08304214   51.46446991  101.21662903   21.01158905]","[ 375.8085022   286.19882202  223.59674072  364.39025879  101.98618317
   14.77466011  259.43234253  198.19277954  361.07501221  271.59848022]",17.0066680908,0,2.0
44,"[ 100.40668488  110.6410141    61.78396606   53.29714966  337.37796021
  185.46603394   34.95017242   49.69397736  103.16287994   93.55075836]","[ 33.41703033   0.58917564  23.4863472   17.39359093  69.23023987
  63.21878052   6.79690552  11.90541267  46.71170425  11.15930557]","[ 0.87814409  0.31231508  1.35567117  0.76534927  1.62368202  1.88877559
  0.24965528  1.01101601  1.98553836  0.44478062]","[  35.49294281  101.03430939   77.68996429   22.36299706    5.47292805
   34.08304214   51.46446991  101.21662903   21.01158905   26.21730232]","[ 286.19882202  223.59674072  364.39025879  101.98618317   14.77466011
  259.43234253  198.19277954  361.07501221  271.59848022   70.31499481]",16.7987346649,0,2.0
45,"[ 110.6410141    61.78396606   53.29714966  337.37796021  185.46603394
   34.95017242   49.69397736  103.16287994   93.55075836   42.19815445]","[  0.58917564  23.4863472   17.39359093  69.23023987  63.21878052
   6.79690552  11.90541267  46.71170425  11.15930557  25.43387032]","[ 0.31231508  1.35567117  0.76534927  1.62368202  1.88877559  0.24965528
  1.01101601  1.98553836  0.44478062  0.70998073]","[ 101.03430939   77.68996429   22.36299706    5.47292805   34.08304214
   51.46446991  101.21662903   21.01158905   26.21730232   30.57620239]","[ 223.59674072  364.39025879  101.98618317   14.77466011  259.43234253
  198.19277954  361.07501221  271.59848022   70.31499481  243.63543701]",16.5921592712,0,2.0
46,"[  61.78396606   53.29714966  337.37796021  185.46603394   34.95017242
   49.69397736  103.16287994   93.55075836   42.19815445   14.04984188]","[ 23.4863472   17.39359093  69.23023987  63.21878052   6.79690552
  11.90541267  46.71170425  11.15930557  25.43387032   8.64738941]","[ 1.35567117  0.76534927  1.62368202  1.88877559  0.24965528  1.01101601
  1.98553836  0.44478062  0.70998073  1.03349209]","[  77.68996429   22.36299706    5.47292805   34.08304214   51.46446991
  101.21662903   21.01158905   26.21730232   30.57620239   35.07545853]","[ 364.39025879  101.98618317   14.77466011  259.43234253  198.19277954
  361.07501221  271.59848022   70.31499481  243.63543701  221.47059631]",16.3853645325,0,2.0
47,"[  53.29714966  337.37796021  185.46603394   34.95017242   49.69397736
  103.16287994   93.55075836   42.19815445   14.04984188  462.4992981 ]","[ 17.39359093  69.23023987  63.21878052   6.79690552  11.90541267
  46.71170425  11.15930557  25.43387032   8.64738941  95.31324005]","[ 0.76534927  1.62368202  1.88877559  0.24965528  1.01101601  1.98553836
  0.44478062  0.70998073  1.03349209  1.39891803]","[  22.36299706    5.47292805   34.08304214   51.46446991  101.21662903
   21.01158905   26.21730232   30.57620239   35.07545853    8.20318508]","[ 101.98618317   14.77466011  259.43234253  198.19277954  361.07501221
  271.59848022   70.31499481  243.63543701  221.47059631  135.1817627 ]",15.9719619751,0,2.0
48,"[ 337.37796021  185.46603394   34.95017242   49.69397736  103.16287994
   93.55075836   42.19815445   14.04984188  462.4992981    31.45133972]","[ 69.23023987  63.21878052   6.79690552  11.90541267  46.71170425
  11.15930557  25.43387032   8.64738941  95.31324005  16.95806503]","[ 1.62368202  1.88877559  0.24965528  1.01101601  1.98553836  0.44478062
  0.70998073  1.03349209  1.39891803  0.51752782]","[   5.47292805   34.08304214   51.46446991  101.21662903   21.01158905
   26.21730232   30.57620239   35.07545853    8.20318508   72.44992065]","[  14.77466011  259.43234253  198.19277954  361.07501221  271.59848022
   70.31499481  243.63543701  221.47059631  135.1817627   314.70779419]",15.7655487061,0,2.0
49,"[ 185.46603394   34.95017242   49.69397736  103.16287994   93.55075836
   42.19815445   14.04984188  462.4992981    31.45133972  138.60955811]","[ 63.21878052   6.79690552  11.90541267  46.71170425  11.15930557
  25.43387032   8.64738941  95.31324005  16.95806503  58.43588257]","[ 1.88877559  0.24965528  1.01101601  1.98553836  0.44478062  0.70998073
  1.03349209  1.39891803  0.51752782  1.7450192 ]","[  34.08304214   51.46446991  101.21662903   21.01158905   26.21730232
   30.57620239   35.07545853    8.20318508   72.44992065   16.96671677]","[ 259.43234253  198.19277954  361.07501221  271.59848022   70.31499481
  243.63543701  221.47059631  135.1817627   314.70779419   75.00002289]",15.5590753555,0,2.0
50,"[  34.95017242   49.69397736  103.16287994   93.55075836   42.19815445
   14.04984188  462.4992981    31.45133972  138.60955811   35.7737999 ]","[  6.79690552  11.90541267  46.71170425  11.15930557  25.43387032
   8.64738941  95.31324005  16.95806503  58.43588257  12.05555344]","[ 0.24965528  1.01101601  1.98553836  0.44478062  0.70998073  1.03349209
  1.39891803  0.51752782  1.7450192   0.15973741]","[  51.46446991  101.21662903   21.01158905   26.21730232   30.57620239
   35.07545853    8.20318508   72.44992065   16.96671677   48.25035095]","[ 198.19277954  361.07501221  271.59848022   70.31499481  243.63543701
  221.47059631  135.1817627   314.70779419   75.00002289  175.78849792]",15.3526449203,0,2.0
51,"[  49.69397736  103.16287994   93.55075836   42.19815445   14.04984188
  462.4992981    31.45133972  138.60955811   35.7737999    84.20831299]","[ 11.90541267  46.71170425  11.15930557  25.43387032   8.64738941
  95.31324005  16.95806503  58.43588257  12.05555344  28.39279938]","[ 1.01101601  1.98553836  0.44478062  0.70998073  1.03349209  1.39891803
  0.51752782  1.7450192   0.15973741  0.57549846]","[ 101.21662903   21.01158905   26.21730232   30.57620239   35.07545853
    8.20318508   72.44992065   16.96671677   48.25035095  108.0326004 ]","[ 361.07501221  271.59848022   70.31499481  243.63543701  221.47059631
  135.1817627   314.70779419   75.00002289  175.78849792  359.88885498]",15.1463031769,0,2.0
52,"[ 103.16287994   93.55075836   42.19815445   14.04984188  462.4992981
   31.45133972  138.60955811   35.7737999    84.20831299   91.39306641]","[ 46.71170425  11.15930557  25.43387032   8.64738941  95.31324005
  16.95806503  58.43588257  12.05555344  28.39279938  27.23871422]","[ 1.98553836  0.44478062  0.70998073  1.03349209  1.39891803  0.51752782
  1.7450192   0.15973741  0.57549846  1.25196612]","[  21.01158905   26.21730232   30.57620239   35.07545853    8.20318508
   72.44992065   16.96671677   48.25035095  108.0326004    36.51382065]","[ 271.59848022   70.31499481  243.63543701  221.47059631  135.1817627
  314.70779419   75.00002289  175.78849792  359.88885498  276.53790283]",14.9398641586,0,2.0
53,"[  93.55075836   42.19815445   14.04984188  462.4992981    31.45133972
  138.60955811   35.7737999    84.20831299   91.39306641   23.14744568]","[ 11.15930557  25.43387032   8.64738941  95.31324005  16.95806503
  58.43588257  12.05555344  28.39279938  27.23871422  11.59884167]","[ 0.44478062  0.70998073  1.03349209  1.39891803  0.51752782  1.7450192
  0.15973741  0.57549846  1.25196612  0.95384794]","[  26.21730232   30.57620239   35.07545853    8.20318508   72.44992065
   16.96671677   48.25035095  108.0326004    36.51382065   41.90625381]","[  70.31499481  243.63543701  221.47059631  135.1817627   314.70779419
   75.00002289  175.78849792  359.88885498  276.53790283   35.53947449]",14.7333679199,0,2.0
54,"[  42.19815445   14.04984188  462.4992981    31.45133972  138.60955811
   35.7737999    84.20831299   91.39306641   23.14744568   73.62635803]","[ 25.43387032   8.64738941  95.31324005  16.95806503  58.43588257
  12.05555344  28.39279938  27.23871422  11.59884167   6.34779501]","[ 0.70998073  1.03349209  1.39891803  0.51752782  1.7450192   0.15973741
  0.57549846  1.25196612  0.95384794  1.05009723]","[  30.57620239   35.07545853    8.20318508   72.44992065   16.96671677
   48.25035095  108.0326004    36.51382065   41.90625381   35.81685257]","[ 243.63543701  221.47059631  135.1817627   314.70779419   75.00002289
  175.78849792  359.88885498  276.53790283   35.53947449  225.92712402]",14.5267696381,0,2.0
55,"[  14.04984188  462.4992981    31.45133972  138.60955811   35.7737999
   84.20831299   91.39306641   23.14744568   73.62635803  206.88500977]","[  8.64738941  95.31324005  16.95806503  58.43588257  12.05555344
  28.39279938  27.23871422  11.59884167   6.34779501  31.51001549]","[ 1.03349209  1.39891803  0.51752782  1.7450192   0.15973741  0.57549846
  1.25196612  0.95384794  1.05009723  0.05415541]","[  35.07545853    8.20318508   72.44992065   16.96671677   48.25035095
  108.0326004    36.51382065   41.90625381   35.81685257   41.05757904]","[ 221.47059631  135.1817627   314.70779419   75.00002289  175.78849792
  359.88885498  276.53790283   35.53947449  225.92712402  248.07800293]",14.3201494217,0,2.0
56,"[ 462.4992981    31.45133972  138.60955811   35.7737999    84.20831299
   91.39306641   23.14744568   73.62635803  206.88500977  214.09541321]","[ 95.31324005  16.95806503  58.43588257  12.05555344  28.39279938
  27.23871422  11.59884167   6.34779501  31.51001549  67.45516205]","[ 1.39891803  0.51752782  1.7450192   0.15973741  0.57549846  1.25196612
  0.95384794  1.05009723  0.05415541  1.20512712]","[   8.20318508   72.44992065   16.96671677   48.25035095  108.0326004
   36.51382065   41.90625381   35.81685257   41.05757904   17.8374691 ]","[ 135.1817627   314.70779419   75.00002289  175.78849792  359.88885498
  276.53790283   35.53947449  225.92712402  248.07800293    5.01755428]",14.1138000488,0,2.0
57,"[  31.45133972  138.60955811   35.7737999    84.20831299   91.39306641
   23.14744568   73.62635803  206.88500977  214.09541321  143.65310669]","[ 16.95806503  58.43588257  12.05555344  28.39279938  27.23871422
  11.59884167   6.34779501  31.51001549  67.45516205   5.13735914]","[ 0.51752782  1.7450192   0.15973741  0.57549846  1.25196612  0.95384794
  1.05009723  0.05415541  1.20512712  0.09520856]","[  72.44992065   16.96671677   48.25035095  108.0326004    36.51382065
   41.90625381   35.81685257   41.05757904   17.8374691    45.11164856]","[ 314.70779419   75.00002289  175.78849792  359.88885498  276.53790283
   35.53947449  225.92712402  248.07800293    5.01755428  132.8500061 ]",13.7009077072,0,2.0
58,"[ 138.60955811   35.7737999    84.20831299   91.39306641   23.14744568
   73.62635803  206.88500977  214.09541321  143.65310669  193.16767883]","[ 58.43588257  12.05555344  28.39279938  27.23871422  11.59884167
   6.34779501  31.51001549  67.45516205   5.13735914  63.79167557]","[ 1.7450192   0.15973741  0.57549846  1.25196612  0.95384794  1.05009723
  0.05415541  1.20512712  0.09520856  1.14979053]","[  16.96671677   48.25035095  108.0326004    36.51382065   41.90625381
   35.81685257   41.05757904   17.8374691    45.11164856   10.04202938]","[  75.00002289  175.78849792  359.88885498  276.53790283   35.53947449
  225.92712402  248.07800293    5.01755428  132.8500061   114.36100769]",13.4944295883,0,2.0
59,"[  35.7737999    84.20831299   91.39306641   23.14744568   73.62635803
  206.88500977  214.09541321  143.65310669  193.16767883   11.08641052]","[ 12.05555344  28.39279938  27.23871422  11.59884167   6.34779501
  31.51001549  67.45516205   5.13735914  63.79167557  11.1133337 ]","[ 0.15973741  0.57549846  1.25196612  0.95384794  1.05009723  0.05415541
  1.20512712  0.09520856  1.14979053  0.42445603]","[  48.25035095  108.0326004    36.51382065   41.90625381   35.81685257
   41.05757904   17.8374691    45.11164856   10.04202938   26.49752426]","[ 175.78849792  359.88885498  276.53790283   35.53947449  225.92712402
  248.07800293    5.01755428  132.8500061   114.36100769  139.93554688]",13.2874956131,0,2.0
60,"[  84.20831299   91.39306641   23.14744568   73.62635803  206.88500977
  214.09541321  143.65310669  193.16767883   11.08641052    0.82787877]","[ 28.39279938  27.23871422  11.59884167   6.34779501  31.51001549
  67.45516205   5.13735914  63.79167557  11.1133337   28.97280312]","[ 0.57549846  1.25196612  0.95384794  1.05009723  0.05415541  1.20512712
  0.09520856  1.14979053  0.42445603  0.21630359]","[ 108.0326004    36.51382065   41.90625381   35.81685257   41.05757904
   17.8374691    45.11164856   10.04202938   26.49752426  129.98905945]","[ 359.88885498  276.53790283   35.53947449  225.92712402  248.07800293
    5.01755428  132.8500061   114.36100769  139.93554688  487.96740723]",13.080786705,0,2.0
61,"[  91.39306641   23.14744568   73.62635803  206.88500977  214.09541321
  143.65310669  193.16767883   11.08641052    0.82787877    5.76535034]","[ 27.23871422  11.59884167   6.34779501  31.51001549  67.45516205
   5.13735914  63.79167557  11.1133337   28.97280312  10.57752991]","[ 1.25196612  0.95384794  1.05009723  0.05415541  1.20512712  0.09520856
  1.14979053  0.42445603  0.21630359  0.36068887]","[  36.51382065   41.90625381   35.81685257   41.05757904   17.8374691
   45.11164856   10.04202938   26.49752426  129.98905945   70.15104675]","[ 276.53790283   35.53947449  225.92712402  248.07800293    5.01755428
  132.8500061   114.36100769  139.93554688  487.96740723  249.69841003]",12.8738927841,0,2.0
62,"[  23.14744568   73.62635803  206.88500977  214.09541321  143.65310669
  193.16767883   11.08641052    0.82787877    5.76535034   48.59331894]","[ 11.59884167   6.34779501  31.51001549  67.45516205   5.13735914
  63.79167557  11.1133337   28.97280312  10.57752991  12.29554462]","[ 0.95384794  1.05009723  0.05415541  1.20512712  0.09520856  1.14979053
  0.42445603  0.21630359  0.36068887  1.23600733]","[  41.90625381   35.81685257   41.05757904   17.8374691    45.11164856
   10.04202938   26.49752426  129.98905945   70.15104675   32.22477341]","[  35.53947449  225.92712402  248.07800293    5.01755428  132.8500061
  114.36100769  139.93554688  487.96740723  249.69841003  284.51608276]",12.6674184799,0,2.0
63,"[  73.62635803  206.88500977  214.09541321  143.65310669  193.16767883
   11.08641052    0.82787877    5.76535034   48.59331894   50.77999496]","[  6.34779501  31.51001549  67.45516205   5.13735914  63.79167557
  11.1133337   28.97280312  10.57752991  12.29554462  23.13822937]","[ 1.05009723  0.05415541  1.20512712  0.09520856  1.14979053  0.42445603
  0.21630359  0.36068887  1.23600733  0.33850297]","[  35.81685257   41.05757904   17.8374691    45.11164856   10.04202938
   26.49752426  129.98905945   70.15104675   32.22477341   41.10442734]","[ 225.92712402  248.07800293    5.01755428  132.8500061   114.36100769
  139.93554688  487.96740723  249.69841003  284.51608276  225.62495422]",12.4607124329,0,2.0
64,"[ 206.88500977  214.09541321  143.65310669  193.16767883   11.08641052
    0.82787877    5.76535034   48.59331894   50.77999496  198.17684937]","[ 31.51001549  67.45516205   5.13735914  63.79167557  11.1133337
  28.97280312  10.57752991  12.29554462  23.13822937  27.12846756]","[ 0.05415541  1.20512712  0.09520856  1.14979053  0.42445603  0.21630359
  0.36068887  1.23600733  0.33850297  0.21951593]","[  41.05757904   17.8374691    45.11164856   10.04202938   26.49752426
  129.98905945   70.15104675   32.22477341   41.10442734   52.44828415]","[ 248.07800293    5.01755428  132.8500061   114.36100769  139.93554688
  487.96740723  249.69841003  284.51608276  225.62495422  254.63201904]",12.2544298172,0,2.0
65,"[ 214.09541321  143.65310669  193.16767883   11.08641052    0.82787877
    5.76535034   48.59331894   50.77999496  198.17684937  279.26062012]","[ 67.45516205   5.13735914  63.79167557  11.1133337   28.97280312
  10.57752991  12.29554462  23.13822937  27.12846756  86.41446686]","[ 1.20512712  0.09520856  1.14979053  0.42445603  0.21630359  0.36068887
  1.23600733  0.33850297  0.21951593  1.7887609 ]","[  17.8374691    45.11164856   10.04202938   26.49752426  129.98905945
   70.15104675   32.22477341   41.10442734   52.44828415   35.60237122]","[   5.01755428  132.8500061   114.36100769  139.93554688  487.96740723
  249.69841003  284.51608276  225.62495422  254.63201904   23.70390129]",12.0475549698,0,2.0
66,"[ 143.65310669  193.16767883   11.08641052    0.82787877    5.76535034
   48.59331894   50.77999496  198.17684937  279.26062012   65.0092926 ]","[  5.13735914  63.79167557  11.1133337   28.97280312  10.57752991
  12.29554462  23.13822937  27.12846756  86.41446686   7.47207546]","[ 0.09520856  1.14979053  0.42445603  0.21630359  0.36068887  1.23600733
  0.33850297  0.21951593  1.7887609   0.78485137]","[  45.11164856   10.04202938   26.49752426  129.98905945   70.15104675
   32.22477341   41.10442734   52.44828415   35.60237122   37.82536697]","[ 132.8500061   114.36100769  139.93554688  487.96740723  249.69841003
  284.51608276  225.62495422  254.63201904   23.70390129  142.90150452]",11.8406248093,0,2.0
67,"[ 193.16767883   11.08641052    0.82787877    5.76535034   48.59331894
   50.77999496  198.17684937  279.26062012   65.0092926    52.27318954]","[ 63.79167557  11.1133337   28.97280312  10.57752991  12.29554462
  23.13822937  27.12846756  86.41446686   7.47207546  22.00304604]","[ 1.14979053  0.42445603  0.21630359  0.36068887  1.23600733  0.33850297
  0.21951593  1.7887609   0.78485137  1.505059  ]","[  10.04202938   26.49752426  129.98905945   70.15104675   32.22477341
   41.10442734   52.44828415   35.60237122   37.82536697   55.29995346]","[ 114.36100769  139.93554688  487.96740723  249.69841003  284.51608276
  225.62495422  254.63201904   23.70390129  142.90150452  246.77697754]",11.6343803406,0,2.0
68,"[  11.08641052    0.82787877    5.76535034   48.59331894   50.77999496
  198.17684937  279.26062012   65.0092926    52.27318954   48.9233284 ]","[ 11.1133337   28.97280312  10.57752991  12.29554462  23.13822937
  27.12846756  86.41446686   7.47207546  22.00304604   7.75652599]","[ 0.42445603  0.21630359  0.36068887  1.23600733  0.33850297  0.21951593
  1.7887609   0.78485137  1.505059    0.06945913]","[  26.49752426  129.98905945   70.15104675   32.22477341   41.10442734
   52.44828415   35.60237122   37.82536697   55.29995346   22.25254822]","[ 139.93554688  487.96740723  249.69841003  284.51608276  225.62495422
  254.63201904   23.70390129  142.90150452  246.77697754  192.8828125 ]",11.4286384583,0,2.0
69,"[   0.82787877    5.76535034   48.59331894   50.77999496  198.17684937
  279.26062012   65.0092926    52.27318954   48.9233284   151.92393494]","[ 28.97280312  10.57752991  12.29554462  23.13822937  27.12846756
  86.41446686   7.47207546  22.00304604   7.75652599  53.50784302]","[ 0.21630359  0.36068887  1.23600733  0.33850297  0.21951593  1.7887609
  0.78485137  1.505059    0.06945913  0.94930959]","[ 129.98905945   70.15104675   32.22477341   41.10442734   52.44828415
   35.60237122   37.82536697   55.29995346   22.25254822   90.70449829]","[ 487.96740723  249.69841003  284.51608276  225.62495422  254.63201904
   23.70390129  142.90150452  246.77697754  192.8828125   187.41711426]",11.2218942642,0,2.0
70,"[   5.76535034   48.59331894   50.77999496  198.17684937  279.26062012
   65.0092926    52.27318954   48.9233284   151.92393494  133.1058197 ]","[ 10.57752991  12.29554462  23.13822937  27.12846756  86.41446686
   7.47207546  22.00304604   7.75652599  53.50784302  25.10326958]","[ 0.36068887  1.23600733  0.33850297  0.21951593  1.7887609   0.78485137
  1.505059    0.06945913  0.94930959  0.33653197]","[ 70.15104675  32.22477341  41.10442734  52.44828415  35.60237122
  37.82536697  55.29995346  22.25254822  90.70449829  78.18788147]","[ 249.69841003  284.51608276  225.62495422  254.63201904   23.70390129
  142.90150452  246.77697754  192.8828125   187.41711426  380.3684082 ]",11.0157089233,0,2.0
71,"[  48.59331894   50.77999496  198.17684937  279.26062012   65.0092926
   52.27318954   48.9233284   151.92393494  133.1058197   109.91156006]","[ 12.29554462  23.13822937  27.12846756  86.41446686   7.47207546
  22.00304604   7.75652599  53.50784302  25.10326958   3.32350779]","[ 1.23600733  0.33850297  0.21951593  1.7887609   0.78485137  1.505059
  0.06945913  0.94930959  0.33653197  0.36574546]","[ 32.22477341  41.10442734  52.44828415  35.60237122  37.82536697
  55.29995346  22.25254822  90.70449829  78.18788147  12.40828991]","[ 284.51608276  225.62495422  254.63201904   23.70390129  142.90150452
  246.77697754  192.8828125   187.41711426  380.3684082   116.29128265]",10.8081445694,0,2.0
72,"[  50.77999496  198.17684937  279.26062012   65.0092926    52.27318954
   48.9233284   151.92393494  133.1058197   109.91156006  402.93008423]","[ 23.13822937  27.12846756  86.41446686   7.47207546  22.00304604
   7.75652599  53.50784302  25.10326958   3.32350779  34.18198013]","[ 0.33850297  0.21951593  1.7887609   0.78485137  1.505059    0.06945913
  0.94930959  0.33653197  0.36574546  0.83344805]","[ 41.10442734  52.44828415  35.60237122  37.82536697  55.29995346
  22.25254822  90.70449829  78.18788147  12.40828991  82.22697449]","[ 225.62495422  254.63201904   23.70390129  142.90150452  246.77697754
  192.8828125   187.41711426  380.3684082   116.29128265  440.66540527]",10.6011047363,0,2.0
73,"[ 198.17684937  279.26062012   65.0092926    52.27318954   48.9233284
  151.92393494  133.1058197   109.91156006  402.93008423   91.4631424 ]","[ 27.12846756  86.41446686   7.47207546  22.00304604   7.75652599
  53.50784302  25.10326958   3.32350779  34.18198013   7.43255186]","[ 0.21951593  1.7887609   0.78485137  1.505059    0.06945913  0.94930959
  0.33653197  0.36574546  0.83344805  0.62046391]","[ 52.44828415  35.60237122  37.82536697  55.29995346  22.25254822
  90.70449829  78.18788147  12.40828991  82.22697449  66.79927063]","[ 254.63201904   23.70390129  142.90150452  246.77697754  192.8828125
  187.41711426  380.3684082   116.29128265  440.66540527  336.95529175]",10.3933515549,0,2.0
74,"[ 279.26062012   65.0092926    52.27318954   48.9233284   151.92393494
  133.1058197   109.91156006  402.93008423   91.4631424   157.12838745]","[ 86.41446686   7.47207546  22.00304604   7.75652599  53.50784302
  25.10326958   3.32350779  34.18198013   7.43255186  49.22988892]","[ 1.7887609   0.78485137  1.505059    0.06945913  0.94930959  0.33653197
  0.36574546  0.83344805  0.62046391  0.78707159]","[ 35.60237122  37.82536697  55.29995346  22.25254822  90.70449829
  78.18788147  12.40828991  82.22697449  66.79927063  24.32911491]","[  23.70390129  142.90150452  246.77697754  192.8828125   187.41711426
  380.3684082   116.29128265  440.66540527  336.95529175  207.82138062]",10.186047554,0,2.0
75,"[  65.0092926    52.27318954   48.9233284   151.92393494  133.1058197
  109.91156006  402.93008423   91.4631424   157.12838745  141.97492981]","[  7.47207546  22.00304604   7.75652599  53.50784302  25.10326958
   3.32350779  34.18198013   7.43255186  49.22988892  58.51247025]","[ 0.78485137  1.505059    0.06945913  0.94930959  0.33653197  0.36574546
  0.83344805  0.62046391  0.78707159  1.35356808]","[ 37.82536697  55.29995346  22.25254822  90.70449829  78.18788147
  12.40828991  82.22697449  66.79927063  24.32911491  34.14902496]","[ 142.90150452  246.77697754  192.8828125   187.41711426  380.3684082
  116.29128265  440.66540527  336.95529175  207.82138062   92.67218781]",9.97844314575,0,2.0
76,"[  52.27318954   48.9233284   151.92393494  133.1058197   109.91156006
  402.93008423   91.4631424   157.12838745  141.97492981   51.87609863]","[ 22.00304604   7.75652599  53.50784302  25.10326958   3.32350779
  34.18198013   7.43255186  49.22988892  58.51247025   6.82240009]","[ 1.505059    0.06945913  0.94930959  0.33653197  0.36574546  0.83344805
  0.62046391  0.78707159  1.35356808  0.22416925]","[ 55.29995346  22.25254822  90.70449829  78.18788147  12.40828991
  82.22697449  66.79927063  24.32911491  34.14902496  51.65413284]","[ 246.77697754  192.8828125   187.41711426  380.3684082   116.29128265
  440.66540527  336.95529175  207.82138062   92.67218781  249.4389801 ]",9.77149581909,0,2.0
77,"[  48.9233284   151.92393494  133.1058197   109.91156006  402.93008423
   91.4631424   157.12838745  141.97492981   51.87609863  148.94519043]","[  7.75652599  53.50784302  25.10326958   3.32350779  34.18198013
   7.43255186  49.22988892  58.51247025   6.82240009   9.18019295]","[ 0.06945913  0.94930959  0.33653197  0.36574546  0.83344805  0.62046391
  0.78707159  1.35356808  0.22416925  0.14457613]","[ 22.25254822  90.70449829  78.18788147  12.40828991  82.22697449
  66.79927063  24.32911491  34.14902496  51.65413284  35.03336334]","[ 192.8828125   187.41711426  380.3684082   116.29128265  440.66540527
  336.95529175  207.82138062   92.67218781  249.4389801   196.66009521]",9.56506156921,0,2.0
78,"[ 151.92393494  133.1058197   109.91156006  402.93008423   91.4631424
  157.12838745  141.97492981   51.87609863  148.94519043   63.83164215]","[ 53.50784302  25.10326958   3.32350779  34.18198013   7.43255186
  49.22988892  58.51247025   6.82240009   9.18019295   9.74680614]","[ 0.94930959  0.33653197  0.36574546  0.83344805  0.62046391  0.78707159
  1.35356808  0.22416925  0.14457613  0.34126762]","[ 90.70449829  78.18788147  12.40828991  82.22697449  66.79927063
  24.32911491  34.14902496  51.65413284  35.03336334  20.48535156]","[ 187.41711426  380.3684082   116.29128265  440.66540527  336.95529175
  207.82138062   92.67218781  249.4389801   196.66009521   94.0524826 ]",9.35917472839,0,2.0
79,"[ 133.1058197   109.91156006  402.93008423   91.4631424   157.12838745
  141.97492981   51.87609863  148.94519043   63.83164215  191.1027832 ]","[ 25.10326958   3.32350779  34.18198013   7.43255186  49.22988892
  58.51247025   6.82240009   9.18019295   9.74680614  17.85047722]","[ 0.33653197  0.36574546  0.83344805  0.62046391  0.78707159  1.35356808
  0.22416925  0.14457613  0.34126762  0.2155602 ]","[ 78.18788147  12.40828991  82.22697449  66.79927063  24.32911491
  34.14902496  51.65413284  35.03336334  20.48535156  27.03390884]","[ 380.3684082   116.29128265  440.66540527  336.95529175  207.82138062
   92.67218781  249.4389801   196.66009521   94.0524826   175.37661743]",9.15350151062,0,2.0
80,"[ 109.91156006  402.93008423   91.4631424   157.12838745  141.97492981
   51.87609863  148.94519043   63.83164215  191.1027832   121.93264771]","[  3.32350779  34.18198013   7.43255186  49.22988892  58.51247025
   6.82240009   9.18019295   9.74680614  17.85047722  15.72713947]","[ 0.36574546  0.83344805  0.62046391  0.78707159  1.35356808  0.22416925
  0.14457613  0.34126762  0.2155602   0.36152941]","[ 12.40828991  82.22697449  66.79927063  24.32911491  34.14902496
  51.65413284  35.03336334  20.48535156  27.03390884  49.18793488]","[ 116.29128265  440.66540527  336.95529175  207.82138062   92.67218781
  249.4389801   196.66009521   94.0524826   175.37661743  287.9118042 ]",8.94809246063,0,2.0
81,"[ 402.93008423   91.4631424   157.12838745  141.97492981   51.87609863
  148.94519043   63.83164215  191.1027832   121.93264771  107.68409729]","[ 34.18198013   7.43255186  49.22988892  58.51247025   6.82240009
   9.18019295   9.74680614  17.85047722  15.72713947  35.48460388]","[ 0.83344805  0.62046391  0.78707159  1.35356808  0.22416925  0.14457613
  0.34126762  0.2155602   0.36152941  0.9589777 ]","[ 82.22697449  66.79927063  24.32911491  34.14902496  51.65413284
  35.03336334  20.48535156  27.03390884  49.18793488  29.49919319]","[ 440.66540527  336.95529175  207.82138062   92.67218781  249.4389801
  196.66009521   94.0524826   175.37661743  287.9118042   340.82766724]",8.74310874939,0,2.0
82,"[  91.4631424   157.12838745  141.97492981   51.87609863  148.94519043
   63.83164215  191.1027832   121.93264771  107.68409729   99.55293274]","[  7.43255186  49.22988892  58.51247025   6.82240009   9.18019295
   9.74680614  17.85047722  15.72713947  35.48460388  28.66226196]","[ 0.62046391  0.78707159  1.35356808  0.22416925  0.14457613  0.34126762
  0.2155602   0.36152941  0.9589777   0.16401158]","[ 66.79927063  24.32911491  34.14902496  51.65413284  35.03336334
  20.48535156  27.03390884  49.18793488  29.49919319  61.39724731]","[ 336.95529175  207.82138062   92.67218781  249.4389801   196.66009521
   94.0524826   175.37661743  287.9118042   340.82766724  233.00230408]",8.5385427475,0,2.0
83,"[ 157.12838745  141.97492981   51.87609863  148.94519043   63.83164215
  191.1027832   121.93264771  107.68409729   99.55293274   62.86783981]","[ 49.22988892  58.51247025   6.82240009   9.18019295   9.74680614
  17.85047722  15.72713947  35.48460388  28.66226196   8.72880459]","[ 0.78707159  1.35356808  0.22416925  0.14457613  0.34126762  0.2155602
  0.36152941  0.9589777   0.16401158  0.40510324]","[ 24.32911491  34.14902496  51.65413284  35.03336334  20.48535156
  27.03390884  49.18793488  29.49919319  61.39724731  39.80750275]","[ 207.82138062   92.67218781  249.4389801   196.66009521   94.0524826
  175.37661743  287.9118042   340.82766724  233.00230408  309.78817749]",8.33308696747,0,2.0
84,"[ 141.97492981   51.87609863  148.94519043   63.83164215  191.1027832
  121.93264771  107.68409729   99.55293274   62.86783981  182.46427917]","[ 58.51247025   6.82240009   9.18019295   9.74680614  17.85047722
  15.72713947  35.48460388  28.66226196   8.72880459  26.03310204]","[ 1.35356808  0.22416925  0.14457613  0.34126762  0.2155602   0.36152941
  0.9589777   0.16401158  0.40510324  0.25480142]","[ 34.14902496  51.65413284  35.03336334  20.48535156  27.03390884
  49.18793488  29.49919319  61.39724731  39.80750275   4.8078599 ]","[  92.67218781  249.4389801   196.66009521   94.0524826   175.37661743
  287.9118042   340.82766724  233.00230408  309.78817749   30.11775398]",8.12809276581,0,2.0
85,"[  51.87609863  148.94519043   63.83164215  191.1027832   121.93264771
  107.68409729   99.55293274   62.86783981  182.46427917   83.29003143]","[  6.82240009   9.18019295   9.74680614  17.85047722  15.72713947
  35.48460388  28.66226196   8.72880459  26.03310204   4.87106276]","[ 0.22416925  0.14457613  0.34126762  0.2155602   0.36152941  0.9589777
  0.16401158  0.40510324  0.25480142  0.46770969]","[ 51.65413284  35.03336334  20.48535156  27.03390884  49.18793488
  29.49919319  61.39724731  39.80750275   4.8078599   17.8662014 ]","[ 249.4389801   196.66009521   94.0524826   175.37661743  287.9118042
  340.82766724  233.00230408  309.78817749   30.11775398  107.85393524]",7.92242145538,0,2.0
86,"[ 148.94519043   63.83164215  191.1027832   121.93264771  107.68409729
   99.55293274   62.86783981  182.46427917   83.29003143  322.8757019 ]","[  9.18019295   9.74680614  17.85047722  15.72713947  35.48460388
  28.66226196   8.72880459  26.03310204   4.87106276  97.06977844]","[ 0.14457613  0.34126762  0.2155602   0.36152941  0.9589777   0.16401158
  0.40510324  0.25480142  0.46770969  0.94590175]","[ 35.03336334  20.48535156  27.03390884  49.18793488  29.49919319
  61.39724731  39.80750275   4.8078599   17.8662014   52.10737228]","[ 196.66009521   94.0524826   175.37661743  287.9118042   340.82766724
  233.00230408  309.78817749   30.11775398  107.85393524  340.99172974]",7.51223134995,0,2.0
87,"[  63.83164215  191.1027832   121.93264771  107.68409729   99.55293274
   62.86783981  182.46427917   83.29003143  322.8757019   142.0428772 ]","[  9.74680614  17.85047722  15.72713947  35.48460388  28.66226196
   8.72880459  26.03310204   4.87106276  97.06977844  46.5197258 ]","[ 0.34126762  0.2155602   0.36152941  0.9589777   0.16401158  0.40510324
  0.25480142  0.46770969  0.94590175  0.61514962]","[ 20.48535156  27.03390884  49.18793488  29.49919319  61.39724731
  39.80750275   4.8078599   17.8662014   52.10737228  51.2553215 ]","[  94.0524826   175.37661743  287.9118042   340.82766724  233.00230408
  309.78817749   30.11775398  107.85393524  340.99172974   63.70640182]",7.307762146,0,2.0
88,"[ 191.1027832   121.93264771  107.68409729   99.55293274   62.86783981
  182.46427917   83.29003143  322.8757019   142.0428772    70.77017975]","[ 17.85047722  15.72713947  35.48460388  28.66226196   8.72880459
  26.03310204   4.87106276  97.06977844  46.5197258    1.70278645]","[ 0.2155602   0.36152941  0.9589777   0.16401158  0.40510324  0.25480142
  0.46770969  0.94590175  0.61514962  0.11170848]","[ 27.03390884  49.18793488  29.49919319  61.39724731  39.80750275
   4.8078599   17.8662014   52.10737228  51.2553215   48.94719315]","[ 175.37661743  287.9118042   340.82766724  233.00230408  309.78817749
   30.11775398  107.85393524  340.99172974   63.70640182  352.95333862]",7.10288143158,0,2.0
89,"[ 121.93264771  107.68409729   99.55293274   62.86783981  182.46427917
   83.29003143  322.8757019   142.0428772    70.77017975  117.6953125 ]","[ 15.72713947  35.48460388  28.66226196   8.72880459  26.03310204
   4.87106276  97.06977844  46.5197258    1.70278645   0.94131982]","[ 0.36152941  0.9589777   0.16401158  0.40510324  0.25480142  0.46770969
  0.94590175  0.61514962  0.11170848  0.33327192]","[ 49.18793488  29.49919319  61.39724731  39.80750275   4.8078599
  17.8662014   52.10737228  51.2553215   48.94719315  20.90216446]","[ 287.9118042   340.82766724  233.00230408  309.78817749   30.11775398
  107.85393524  340.99172974   63.70640182  352.95333862  175.96052551]",6.8982925415,0,2.0
90,"[ 107.68409729   99.55293274   62.86783981  182.46427917   83.29003143
  322.8757019   142.0428772    70.77017975  117.6953125    52.28886032]","[ 35.48460388  28.66226196   8.72880459  26.03310204   4.87106276
  97.06977844  46.5197258    1.70278645   0.94131982   9.15653038]","[ 0.9589777   0.16401158  0.40510324  0.25480142  0.46770969  0.94590175
  0.61514962  0.11170848  0.33327192  0.18856257]","[ 29.49919319  61.39724731  39.80750275   4.8078599   17.8662014
  52.10737228  51.2553215   48.94719315  20.90216446  96.44503021]","[ 340.82766724  233.00230408  309.78817749   30.11775398  107.85393524
  340.99172974   63.70640182  352.95333862  175.96052551  387.46820068]",6.69318532944,0,2.0
91,"[  99.55293274   62.86783981  182.46427917   83.29003143  322.8757019
  142.0428772    70.77017975  117.6953125    52.28886032   13.25729084]","[ 28.66226196   8.72880459  26.03310204   4.87106276  97.06977844
  46.5197258    1.70278645   0.94131982   9.15653038  19.14618301]","[ 0.16401158  0.40510324  0.25480142  0.46770969  0.94590175  0.61514962
  0.11170848  0.33327192  0.18856257  0.59329891]","[ 61.39724731  39.80750275   4.8078599   17.8662014   52.10737228
  51.2553215   48.94719315  20.90216446  96.44503021  18.38591766]","[ 233.00230408  309.78817749   30.11775398  107.85393524  340.99172974
   63.70640182  352.95333862  175.96052551  387.46820068  292.34622192]",6.48822450638,0,2.0
92,"[  62.86783981  182.46427917   83.29003143  322.8757019   142.0428772
   70.77017975  117.6953125    52.28886032   13.25729084   71.57712555]","[  8.72880459  26.03310204   4.87106276  97.06977844  46.5197258
   1.70278645   0.94131982   9.15653038  19.14618301  10.06201363]","[ 0.40510324  0.25480142  0.46770969  0.94590175  0.61514962  0.11170848
  0.33327192  0.18856257  0.59329891  0.00383614]","[ 39.80750275   4.8078599   17.8662014   52.10737228  51.2553215
  48.94719315  20.90216446  96.44503021  18.38591766   4.68652725]","[ 309.78817749   30.11775398  107.85393524  340.99172974   63.70640182
  352.95333862  175.96052551  387.46820068  292.34622192   12.46775913]",6.28396558762,0,2.0
93,"[ 182.46427917   83.29003143  322.8757019   142.0428772    70.77017975
  117.6953125    52.28886032   13.25729084   71.57712555   42.3445015 ]","[ 26.03310204   4.87106276  97.06977844  46.5197258    1.70278645
   0.94131982   9.15653038  19.14618301  10.06201363  20.74472809]","[ 0.25480142  0.46770969  0.94590175  0.61514962  0.11170848  0.33327192
  0.18856257  0.59329891  0.00383614  0.54545707]","[  4.8078599   17.8662014   52.10737228  51.2553215   48.94719315
  20.90216446  96.44503021  18.38591766   4.68652725  13.22160625]","[  30.11775398  107.85393524  340.99172974   63.70640182  352.95333862
  175.96052551  387.46820068  292.34622192   12.46775913   58.61735916]",6.08034420013,0,2.0
94,"[  83.29003143  322.8757019   142.0428772    70.77017975  117.6953125
   52.28886032   13.25729084   71.57712555   42.3445015    58.90209198]","[  4.87106276  97.06977844  46.5197258    1.70278645   0.94131982
   9.15653038  19.14618301  10.06201363  20.74472809  29.23024368]","[ 0.46770969  0.94590175  0.61514962  0.11170848  0.33327192  0.18856257
  0.59329891  0.00383614  0.54545707  0.61250299]","[ 17.8662014   52.10737228  51.2553215   48.94719315  20.90216446
  96.44503021  18.38591766   4.68652725  13.22160625   8.51859474]","[ 107.85393524  340.99172974   63.70640182  352.95333862  175.96052551
  387.46820068  292.34622192   12.46775913   58.61735916  161.57279968]",5.87512922287,0,2.0
95,"[ 322.8757019   142.0428772    70.77017975  117.6953125    52.28886032
   13.25729084   71.57712555   42.3445015    58.90209198    3.80024314]","[ 97.06977844  46.5197258    1.70278645   0.94131982   9.15653038
  19.14618301  10.06201363  20.74472809  29.23024368  31.04903221]","[ 0.94590175  0.61514962  0.11170848  0.33327192  0.18856257  0.59329891
  0.00383614  0.54545707  0.61250299  0.71464777]","[ 52.10737228  51.2553215   48.94719315  20.90216446  96.44503021
  18.38591766   4.68652725  13.22160625   8.51859474  17.11255074]","[ 340.99172974   63.70640182  352.95333862  175.96052551  387.46820068
  292.34622192   12.46775913   58.61735916  161.57279968  133.20861816]",5.67060899734,0,2.0
96,"[ 142.0428772    70.77017975  117.6953125    52.28886032   13.25729084
   71.57712555   42.3445015    58.90209198    3.80024314    7.34053278]","[ 46.5197258    1.70278645   0.94131982   9.15653038  19.14618301
  10.06201363  20.74472809  29.23024368  31.04903221   0.86025631]","[ 0.61514962  0.11170848  0.33327192  0.18856257  0.59329891  0.00383614
  0.54545707  0.61250299  0.71464777  0.16779569]","[ 51.2553215   48.94719315  20.90216446  96.44503021  18.38591766
   4.68652725  13.22160625   8.51859474  17.11255074  33.08264542]","[  63.70640182  352.95333862  175.96052551  387.46820068  292.34622192
   12.46775913   58.61735916  161.57279968  133.20861816  165.59802246]",5.46442270279,0,2.0
97,"[  70.77017975  117.6953125    52.28886032   13.25729084   71.57712555
   42.3445015    58.90209198    3.80024314    7.34053278   22.21176147]","[  1.70278645   0.94131982   9.15653038  19.14618301  10.06201363
  20.74472809  29.23024368  31.04903221   0.86025631   2.0193553 ]","[ 0.11170848  0.33327192  0.18856257  0.59329891  0.00383614  0.54545707
  0.61250299  0.71464777  0.16779569  0.14259246]","[ 48.94719315  20.90216446  96.44503021  18.38591766   4.68652725
  13.22160625   8.51859474  17.11255074  33.08264542  45.96443558]","[ 352.95333862  175.96052551  387.46820068  292.34622192   12.46775913
   58.61735916  161.57279968  133.20861816  165.59802246  164.01722717]",5.25908613205,0,2.0
98,"[ 117.6953125    52.28886032   13.25729084   71.57712555   42.3445015
   58.90209198    3.80024314    7.34053278   22.21176147   64.01544952]","[  0.94131982   9.15653038  19.14618301  10.06201363  20.74472809
  29.23024368  31.04903221   0.86025631   2.0193553    2.66816974]","[ 0.33327192  0.18856257  0.59329891  0.00383614  0.54545707  0.61250299
  0.71464777  0.16779569  0.14259246  0.24323711]","[ 20.90216446  96.44503021  18.38591766   4.68652725  13.22160625
   8.51859474  17.11255074  33.08264542  45.96443558  34.94028091]","[ 175.96052551  387.46820068  292.34622192   12.46775913   58.61735916
  161.57279968  133.20861816  165.59802246  164.01722717  401.54598999]",5.05295228958,0,2.0
99,"[  52.28886032   13.25729084   71.57712555   42.3445015    58.90209198
    3.80024314    7.34053278   22.21176147   64.01544952  289.9364624 ]","[  9.15653038  19.14618301  10.06201363  20.74472809  29.23024368
  31.04903221   0.86025631   2.0193553    2.66816974  44.80211639]","[ 0.18856257  0.59329891  0.00383614  0.54545707  0.61250299  0.71464777
  0.16779569  0.14259246  0.24323711  0.35813096]","[ 96.44503021  18.38591766   4.68652725  13.22160625   8.51859474
  17.11255074  33.08264542  45.96443558  34.94028091   3.7561152 ]","[ 387.46820068  292.34622192   12.46775913   58.61735916  161.57279968
  133.20861816  165.59802246  164.01722717  401.54598999  153.90249634]",4.84776687622,0,2.0
100,"[  13.25729084   71.57712555   42.3445015    58.90209198    3.80024314
    7.34053278   22.21176147   64.01544952  289.9364624   229.71820068]","[ 19.14618301  10.06201363  20.74472809  29.23024368  31.04903221
   0.86025631   2.0193553    2.66816974  44.80211639  47.2912178 ]","[ 0.59329891  0.00383614  0.54545707  0.61250299  0.71464777  0.16779569
  0.14259246  0.24323711  0.35813096  0.49916223]","[ 18.38591766   4.68652725  13.22160625   8.51859474  17.11255074
  33.08264542  45.96443558  34.94028091   3.7561152   56.82661438]","[ 292.34622192   12.46775913   58.61735916  161.57279968  133.20861816
  165.59802246  164.01722717  401.54598999  153.90249634  240.9030304 ]",4.64208507538,0,2.0
101,"[  71.57712555   42.3445015    58.90209198    3.80024314    7.34053278
   22.21176147   64.01544952  289.9364624   229.71820068   85.14428711]","[ 10.06201363  20.74472809  29.23024368  31.04903221   0.86025631
   2.0193553    2.66816974  44.80211639  47.2912178    9.41718769]","[ 0.00383614  0.54545707  0.61250299  0.71464777  0.16779569  0.14259246
  0.24323711  0.35813096  0.49916223  0.19708014]","[  4.68652725  13.22160625   8.51859474  17.11255074  33.08264542
  45.96443558  34.94028091   3.7561152   56.82661438  16.8210907 ]","[  12.46775913   58.61735916  161.57279968  133.20861816  165.59802246
  164.01722717  401.54598999  153.90249634  240.9030304    89.07393646]",4.43709230423,0,2.0
102,"[  42.3445015    58.90209198    3.80024314    7.34053278   22.21176147
   64.01544952  289.9364624   229.71820068   85.14428711  121.88318634]","[ 20.74472809  29.23024368  31.04903221   0.86025631   2.0193553
   2.66816974  44.80211639  47.2912178    9.41718769  34.91469955]","[ 0.54545707  0.61250299  0.71464777  0.16779569  0.14259246  0.24323711
  0.35813096  0.49916223  0.19708014  0.73542553]","[ 13.22160625   8.51859474  17.11255074  33.08264542  45.96443558
  34.94028091   3.7561152   56.82661438  16.8210907    1.38251042]","[  58.61735916  161.57279968  133.20861816  165.59802246  164.01722717
  401.54598999  153.90249634  240.9030304    89.07393646   23.27212715]",4.23169755936,0,2.0
103,"[  58.90209198    3.80024314    7.34053278   22.21176147   64.01544952
  289.9364624   229.71820068   85.14428711  121.88318634    3.99912977]","[ 29.23024368  31.04903221   0.86025631   2.0193553    2.66816974
  44.80211639  47.2912178    9.41718769  34.91469955   7.62203026]","[ 0.61250299  0.71464777  0.16779569  0.14259246  0.24323711  0.35813096
  0.49916223  0.19708014  0.73542553  0.11093649]","[  8.51859474  17.11255074  33.08264542  45.96443558  34.94028091
   3.7561152   56.82661438  16.8210907    1.38251042  17.78714561]","[ 161.57279968  133.20861816  165.59802246  164.01722717  401.54598999
  153.90249634  240.9030304    89.07393646   23.27212715  105.80880737]",4.02672815323,0,2.0
104,"[   3.80024314    7.34053278   22.21176147   64.01544952  289.9364624
  229.71820068   85.14428711  121.88318634    3.99912977   28.56231499]","[ 31.04903221   0.86025631   2.0193553    2.66816974  44.80211639
  47.2912178    9.41718769  34.91469955   7.62203026  18.34200859]","[ 0.71464777  0.16779569  0.14259246  0.24323711  0.35813096  0.49916223
  0.19708014  0.73542553  0.11093649  0.39915806]","[ 17.11255074  33.08264542  45.96443558  34.94028091   3.7561152
  56.82661438  16.8210907    1.38251042  17.78714561  40.47599411]","[ 133.20861816  165.59802246  164.01722717  401.54598999  153.90249634
  240.9030304    89.07393646   23.27212715  105.80880737  285.26586914]",3.8216407299,0,2.0
105,"[   7.34053278   22.21176147   64.01544952  289.9364624   229.71820068
   85.14428711  121.88318634    3.99912977   28.56231499   42.14189911]","[  0.86025631   2.0193553    2.66816974  44.80211639  47.2912178
   9.41718769  34.91469955   7.62203026  18.34200859   5.01580524]","[ 0.16779569  0.14259246  0.24323711  0.35813096  0.49916223  0.19708014
  0.73542553  0.11093649  0.39915806  0.00267451]","[ 33.08264542  45.96443558  34.94028091   3.7561152   56.82661438
  16.8210907    1.38251042  17.78714561  40.47599411  43.54550934]","[ 165.59802246  164.01722717  401.54598999  153.90249634  240.9030304
   89.07393646   23.27212715  105.80880737  285.26586914  256.76708984]",3.616543293,0,2.0
106,"[  22.21176147   64.01544952  289.9364624   229.71820068   85.14428711
  121.88318634    3.99912977   28.56231499   42.14189911  203.78318787]","[  2.0193553    2.66816974  44.80211639  47.2912178    9.41718769
  34.91469955   7.62203026  18.34200859   5.01580524  24.55115128]","[ 0.14259246  0.24323711  0.35813096  0.49916223  0.19708014  0.73542553
  0.11093649  0.39915806  0.00267451  0.14736542]","[ 45.96443558  34.94028091   3.7561152   56.82661438  16.8210907
   1.38251042  17.78714561  40.47599411  43.54550934  16.93197823]","[ 164.01722717  401.54598999  153.90249634  240.9030304    89.07393646
   23.27212715  105.80880737  285.26586914  256.76708984  174.77922058]",3.41235589981,0,2.0
107,"[  64.01544952  289.9364624   229.71820068   85.14428711  121.88318634
    3.99912977   28.56231499   42.14189911  203.78318787  129.22782898]","[  2.66816974  44.80211639  47.2912178    9.41718769  34.91469955
   7.62203026  18.34200859   5.01580524  24.55115128  11.94944096]","[ 0.24323711  0.35813096  0.49916223  0.19708014  0.73542553  0.11093649
  0.39915806  0.00267451  0.14736542  0.02479572]","[ 34.94028091   3.7561152   56.82661438  16.8210907    1.38251042
  17.78714561  40.47599411  43.54550934  16.93197823  70.2838974 ]","[ 401.54598999  153.90249634  240.9030304    89.07393646   23.27212715
  105.80880737  285.26586914  256.76708984  174.77922058  338.3152771 ]",3.20902299881,0,2.0
108,"[ 289.9364624   229.71820068   85.14428711  121.88318634    3.99912977
   28.56231499   42.14189911  203.78318787  129.22782898  125.27379608]","[ 44.80211639  47.2912178    9.41718769  34.91469955   7.62203026
  18.34200859   5.01580524  24.55115128  11.94944096  31.66727066]","[ 0.35813096  0.49916223  0.19708014  0.73542553  0.11093649  0.39915806
  0.00267451  0.14736542  0.02479572  0.34376547]","[  3.7561152   56.82661438  16.8210907    1.38251042  17.78714561
  40.47599411  43.54550934  16.93197823  70.2838974   22.37628937]","[ 153.90249634  240.9030304    89.07393646   23.27212715  105.80880737
  285.26586914  256.76708984  174.77922058  338.3152771   259.7098999 ]",3.00392889977,0,2.0
109,"[ 229.71820068   85.14428711  121.88318634    3.99912977   28.56231499
   42.14189911  203.78318787  129.22782898  125.27379608  162.61454773]","[ 47.2912178    9.41718769  34.91469955   7.62203026  18.34200859
   5.01580524  24.55115128  11.94944096  31.66727066  38.22053528]","[ 0.49916223  0.19708014  0.73542553  0.11093649  0.39915806  0.00267451
  0.14736542  0.02479572  0.34376547  1.06895614]","[ 56.82661438  16.8210907    1.38251042  17.78714561  40.47599411
  43.54550934  16.93197823  70.2838974   22.37628937  13.76636028]","[ 240.9030304    89.07393646   23.27212715  105.80880737  285.26586914
  256.76708984  174.77922058  338.3152771   259.7098999   236.4834137 ]",2.79964971542,0,2.0
110,"[  85.14428711  121.88318634    3.99912977   28.56231499   42.14189911
  203.78318787  129.22782898  125.27379608  162.61454773   40.41782761]","[  9.41718769  34.91469955   7.62203026  18.34200859   5.01580524
  24.55115128  11.94944096  31.66727066  38.22053528   5.15863609]","[ 0.19708014  0.73542553  0.11093649  0.39915806  0.00267451  0.14736542
  0.02479572  0.34376547  1.06895614  0.00413864]","[ 16.8210907    1.38251042  17.78714561  40.47599411  43.54550934
  16.93197823  70.2838974   22.37628937  13.76636028  91.26060486]","[  89.07393646   23.27212715  105.80880737  285.26586914  256.76708984
  174.77922058  338.3152771   259.7098999   236.4834137   315.69223022]",2.59396004677,0,2.0
111,"[ 121.88318634    3.99912977   28.56231499   42.14189911  203.78318787
  129.22782898  125.27379608  162.61454773   40.41782761   55.19271088]","[ 34.91469955   7.62203026  18.34200859   5.01580524  24.55115128
  11.94944096  31.66727066  38.22053528   5.15863609  38.42935181]","[ 0.73542553  0.11093649  0.39915806  0.00267451  0.14736542  0.02479572
  0.34376547  1.06895614  0.00413864  1.05492842]","[  1.38251042  17.78714561  40.47599411  43.54550934  16.93197823
  70.2838974   22.37628937  13.76636028  91.26060486  23.95035934]","[  23.27212715  105.80880737  285.26586914  256.76708984  174.77922058
  338.3152771   259.7098999   236.4834137   315.69223022   61.11800003]",2.38900542259,0,2.0
112,"[   3.99912977   28.56231499   42.14189911  203.78318787  129.22782898
  125.27379608  162.61454773   40.41782761   55.19271088   32.28478622]","[  7.62203026  18.34200859   5.01580524  24.55115128  11.94944096
  31.66727066  38.22053528   5.15863609  38.42935181  18.92609978]","[ 0.11093649  0.39915806  0.00267451  0.14736542  0.02479572  0.34376547
  1.06895614  0.00413864  1.05492842  0.22940883]","[ 17.78714561  40.47599411  43.54550934  16.93197823  70.2838974
  22.37628937  13.76636028  91.26060486  23.95035934  47.35490036]","[ 105.80880737  285.26586914  256.76708984  174.77922058  338.3152771
  259.7098999   236.4834137   315.69223022   61.11800003    3.92199278]",2.18297934532,0,2.0
