time,optic_flow,activation,optic_flow_cn45,activation_cn45,optic_flow_c45,distance,activation_c45,velocity
5.661e+11,"[[[ -2.23902711e-12  -1.39405967e-12]
  [  3.63241924e-12   1.23440006e-12]
  [  3.70764053e-12   1.14382527e-12]
  ..., 
  [  2.78455946e-06  -1.45786473e-07]
  [  2.92431355e-06  -1.66207229e-07]
  [  3.02123817e-06  -2.41455865e-07]]

 [[ -6.30074048e-11  -1.84423969e-11]
  [  1.91629807e-12   1.36112714e-12]
  [  4.15534577e-12   1.38217519e-12]
  ..., 
  [  4.98868576e-06  -1.62362326e-07]
  [  5.12178303e-06  -2.14297273e-07]
  [  5.10160544e-06  -3.51705097e-07]]

 [[ -2.77229406e-10  -3.07483899e-10]
  [ -1.32381666e-11  -7.67860428e-12]
  [  4.72831496e-12   1.27214829e-12]
  ..., 
  [  7.31959062e-06   3.94060642e-08]
  [  7.29714156e-06  -1.61029291e-07]
  [  7.23000812e-06  -4.75133930e-07]]

 ..., 
 [[ -6.92471815e-03   1.43565699e-01]
  [ -5.03737759e-03   1.39025241e-01]
  [ -6.43760525e-03   1.36450723e-01]
  ..., 
  [  4.48597409e-02   5.77807277e-02]
  [  5.52139618e-02   7.61637911e-02]
  [  8.75856802e-02   1.00450270e-01]]

 [[ -4.11297660e-03   1.47994697e-01]
  [ -2.25248584e-03   1.42967239e-01]
  [ -3.21133016e-03   1.40199497e-01]
  ..., 
  [  2.33383216e-02   5.68799824e-02]
  [  3.07535753e-02   8.21777806e-02]
  [  6.62420318e-02   1.17150098e-01]]

 [[  4.15742816e-03   1.37052104e-01]
  [  7.09028961e-03   1.31918371e-01]
  [  2.67017935e-03   1.29686117e-01]
  ..., 
  [  1.96869858e-03   2.77973432e-02]
  [  5.45873307e-03   5.58808669e-02]
  [  3.58893797e-02   9.70274508e-02]]]",0.00714135049711,,,,,,
5.662e+11,"[[[  2.11767519e-06  -1.20257425e-06]
  [  2.54059410e-06  -1.41578289e-06]
  [  2.56235035e-06  -1.65567087e-06]
  ..., 
  [ -3.85175554e-06  -9.18935825e-07]
  [ -4.80975996e-06  -8.13439158e-07]
  [ -5.66941844e-06  -6.36524248e-07]]

 [[  2.68463759e-06  -2.95540303e-06]
  [  3.06532434e-06  -3.40765905e-06]
  [  3.23465997e-06  -3.80218216e-06]
  ..., 
  [ -4.28256681e-06  -1.37271434e-06]
  [ -5.24492725e-06  -1.21388359e-06]
  [ -6.19130878e-06  -9.29860505e-07]]

 [[  4.15134491e-06  -5.35229992e-06]
  [  4.48711126e-06  -5.94093081e-06]
  [  4.84863858e-06  -6.37860876e-06]
  ..., 
  [ -5.17397348e-06  -2.40423128e-06]
  [ -5.95979918e-06  -2.04547314e-06]
  [ -6.86068415e-06  -1.48764639e-06]]

 ..., 
 [[  9.80560422e-01  -6.80634785e+00]
  [  9.27666366e-01  -6.82438374e+00]
  [  9.01446879e-01  -6.84190655e+00]
  ..., 
  [ -1.26788652e+00  -5.77287912e+00]
  [ -1.35308981e+00  -5.67490244e+00]
  [ -1.45493138e+00  -5.76964664e+00]]

 [[  9.90109742e-01  -6.83244276e+00]
  [  9.38538551e-01  -6.84343576e+00]
  [  9.12728667e-01  -6.85274935e+00]
  ..., 
  [ -1.21887720e+00  -5.49945068e+00]
  [ -1.27544940e+00  -5.37586975e+00]
  [ -1.37926340e+00  -5.49517727e+00]]

 [[  1.02324736e+00  -6.79564524e+00]
  [  9.77348506e-01  -6.79863358e+00]
  [  9.47889090e-01  -6.80449343e+00]
  ..., 
  [ -1.07081878e+00  -4.81229544e+00]
  [ -1.08286667e+00  -4.60825443e+00]
  [ -1.18343139e+00  -4.76920223e+00]]]",-0.409072897233,,,,25.2757655627,,0.0945609435439
5.663e+11,"[[[  6.62985576e-06  -4.82095857e-06]
  [  4.55526697e-06  -5.72563295e-06]
  [  2.82033898e-06  -6.09623430e-06]
  ..., 
  [ -1.11924446e-05  -5.67496227e-06]
  [ -7.22140840e-06  -5.62252126e-06]
  [ -4.85345026e-06  -5.60644412e-06]]

 [[  1.04131204e-05  -9.13583335e-06]
  [  8.00800990e-06  -1.10392994e-05]
  [  6.19392586e-06  -1.14766472e-05]
  ..., 
  [ -2.53075759e-05  -1.52898810e-05]
  [ -1.87982150e-05  -1.62850720e-05]
  [ -1.47510327e-05  -1.74838206e-05]]

 [[  1.34416659e-05  -1.31951056e-05]
  [  1.13240412e-05  -1.61040589e-05]
  [  9.81812809e-06  -1.69646100e-05]
  ..., 
  [ -3.88121880e-05  -3.16074074e-05]
  [ -3.08118797e-05  -3.34398828e-05]
  [ -2.51839938e-05  -3.61396487e-05]]

 ..., 
 [[  2.60628819e+00  -1.07878313e+01]
  [  2.52533698e+00  -1.08128729e+01]
  [  2.45933700e+00  -1.07446566e+01]
  ..., 
  [ -1.91272426e+00  -9.06685638e+00]
  [ -1.92056549e+00  -8.39647675e+00]
  [ -1.90891409e+00  -7.83929777e+00]]

 [[  2.53864646e+00  -1.05530443e+01]
  [  2.45237255e+00  -1.05899897e+01]
  [  2.39853215e+00  -1.05630016e+01]
  ..., 
  [ -1.71445894e+00  -8.41392422e+00]
  [ -1.68687189e+00  -7.52228689e+00]
  [ -1.65225720e+00  -6.88275576e+00]]

 [[  2.36631417e+00  -9.90348530e+00]
  [  2.29743385e+00  -9.99502277e+00]
  [  2.28270459e+00  -1.00923710e+01]
  ..., 
  [ -1.48337185e+00  -7.53886080e+00]
  [ -1.42945409e+00  -6.53919268e+00]
  [ -1.35318136e+00  -5.71776199e+00]]]",-0.668747680376,,,,25.2536252018,,0.264821261168
5.665e+11,"[[[ -5.17671697e-06   7.12794099e-06]
  [ -5.68352789e-06   1.05679937e-05]
  [ -6.27868349e-06   1.08554432e-05]
  ..., 
  [  2.63634556e-05   2.42191927e-05]
  [  2.52826740e-05   2.73926617e-05]
  [  2.42391270e-05   2.74963713e-05]]

 [[ -7.10697759e-06   9.91352863e-06]
  [ -7.29297290e-06   1.44759961e-05]
  [ -7.60025614e-06   1.50190908e-05]
  ..., 
  [  4.35798684e-05   4.03162085e-05]
  [  3.99895034e-05   4.70829036e-05]
  [  3.50155897e-05   5.04515374e-05]]

 [[ -9.17260604e-06   1.37689422e-05]
  [ -8.74268426e-06   1.96495075e-05]
  [ -8.55537655e-06   2.07490793e-05]
  ..., 
  [  6.66531632e-05   6.24389068e-05]
  [  6.15208919e-05   6.99753655e-05]
  [  5.35674444e-05   7.70361585e-05]]

 ..., 
 [[  6.01084518e+00   1.85375094e+00]
  [  6.04299545e+00   1.64970899e+00]
  [  5.92788267e+00   1.40063548e+00]
  ..., 
  [ -1.54373419e+00  -5.27845740e-01]
  [ -1.60812640e+00  -5.24404824e-01]
  [ -1.80011654e+00  -3.22243243e-01]]

 [[  5.74786282e+00   2.00827289e+00]
  [  5.77869320e+00   1.80450940e+00]
  [  5.60018778e+00   1.52935719e+00]
  ..., 
  [ -8.23337495e-01   3.26017737e-01]
  [ -8.51633430e-01   2.82911181e-01]
  [ -9.82163787e-01   4.40165281e-01]]

 [[  5.07568645e+00   2.29596257e+00]
  [  5.01622772e+00   2.09635210e+00]
  [  4.69178915e+00   1.78311622e+00]
  ..., 
  [ -4.91069824e-01   2.82786191e-01]
  [ -4.91564989e-01   2.28786528e-01]
  [ -5.87104142e-01   3.11310738e-01]]]",0.155782688219,,,,25.1254812835,,1.20352649689
5.666e+11,"[[[ -2.94394840e-06   4.84758084e-06]
  [ -2.55168447e-06   5.98085126e-06]
  [ -1.80116751e-06   5.86340821e-06]
  ..., 
  [ -3.29006434e-06   2.24155428e-06]
  [ -3.37601591e-06   2.70306737e-06]
  [ -3.26840541e-06   3.33017670e-06]]

 [[ -2.58095611e-06   5.61584102e-06]
  [ -2.14647230e-06   6.90594516e-06]
  [ -1.41913290e-06   6.85905934e-06]
  ..., 
  [ -4.54520659e-06   3.36809194e-06]
  [ -5.03783758e-06   4.22405901e-06]
  [ -4.98284635e-06   5.08198491e-06]]

 [[ -2.83801819e-06   6.30542445e-06]
  [ -2.25588133e-06   7.68590780e-06]
  [ -1.49845300e-06   7.62915397e-06]
  ..., 
  [ -5.39236498e-06   4.50634479e-06]
  [ -6.22633070e-06   5.71108740e-06]
  [ -6.49544972e-06   6.93885477e-06]]

 ..., 
 [[ -1.89245439e+00   7.92447901e+00]
  [ -1.86908209e+00   7.97535563e+00]
  [ -1.80954278e+00   8.00047302e+00]
  ..., 
  [  1.78428137e+00   5.96495390e+00]
  [  2.01326847e+00   5.89690447e+00]
  [  2.18856359e+00   5.91837168e+00]]

 [[ -1.84538198e+00   7.82201672e+00]
  [ -1.82824516e+00   7.88186312e+00]
  [ -1.76808822e+00   7.90670395e+00]
  ..., 
  [  1.52932000e+00   5.26144791e+00]
  [  1.73993909e+00   5.23001575e+00]
  [  1.92096579e+00   5.30885887e+00]]

 [[ -1.81006241e+00   7.72161388e+00]
  [ -1.80500233e+00   7.78404140e+00]
  [ -1.74945807e+00   7.79654121e+00]
  ..., 
  [  1.45590770e+00   4.89349461e+00]
  [  1.65497696e+00   4.87420464e+00]
  [  1.83339202e+00   4.96605062e+00]]]",0.424860233539,,,,24.9798581085,,1.66662085056
5.667e+11,"[[[ -5.14816793e-06   6.06341573e-08]
  [ -4.59668945e-06   2.35501094e-08]
  [ -3.85168141e-06   1.05239195e-07]
  ..., 
  [ -4.48983656e-06   6.67795939e-06]
  [ -3.96456926e-06   6.03960279e-06]
  [ -4.53724624e-06   5.48696607e-06]]

 [[ -6.27343070e-06   1.67174790e-08]
  [ -5.70076600e-06   9.57518065e-09]
  [ -4.84044676e-06   1.36904674e-07]
  ..., 
  [ -4.73965520e-06   7.37361688e-06]
  [ -4.14942087e-06   6.74047988e-06]
  [ -4.57463375e-06   6.09270410e-06]]

 [[ -7.37345681e-06  -2.06947988e-07]
  [ -6.83376584e-06  -1.99998070e-07]
  [ -5.94125186e-06  -4.32505587e-08]
  ..., 
  [ -4.82922042e-06   8.08750337e-06]
  [ -4.00814815e-06   7.34152854e-06]
  [ -4.10205030e-06   6.56326938e-06]]

 ..., 
 [[ -1.12402976e+00   4.46417475e+00]
  [ -1.09146309e+00   4.54245090e+00]
  [ -1.06197250e+00   4.59380007e+00]
  ..., 
  [  1.77066255e+00   3.37854576e+00]
  [  1.74221444e+00   3.12898231e+00]
  [  1.75299859e+00   2.96774602e+00]]

 [[ -1.11262441e+00   4.48390007e+00]
  [ -1.08013189e+00   4.59599733e+00]
  [ -1.04881465e+00   4.65910339e+00]
  ..., 
  [  1.53461397e+00   3.08463669e+00]
  [  1.49998140e+00   2.79393005e+00]
  [  1.51298690e+00   2.59842467e+00]]

 [[ -1.07369947e+00   4.50152349e+00]
  [ -1.04560435e+00   4.65724897e+00]
  [ -1.01909864e+00   4.72507620e+00]
  ..., 
  [  1.10078275e+00   2.41424870e+00]
  [  1.09930587e+00   2.18338561e+00]
  [  1.13350284e+00   2.00538564e+00]]]",0.217817743864,,,,24.7818520445,,2.15281486511
5.669e+11,"[[[  6.42357418e-06  -2.00341063e-07]
  [  5.65488108e-06  -2.71080182e-07]
  [  4.68039752e-06  -3.17777022e-07]
  ..., 
  [ -6.57887222e-06  -2.62338222e-06]
  [ -8.43441558e-06  -2.78340008e-06]
  [ -9.31704562e-06  -3.28738088e-06]]

 [[  7.63409662e-06  -3.36199776e-07]
  [  6.65553398e-06  -4.67290477e-07]
  [  5.40843439e-06  -5.20741196e-07]
  ..., 
  [ -8.05843047e-06  -3.58526836e-06]
  [ -1.09712091e-05  -3.97809890e-06]
  [ -1.30006010e-05  -4.73674800e-06]]

 [[  8.19312390e-06  -4.06681721e-07]
  [  7.04999866e-06  -5.99492466e-07]
  [  5.70198245e-06  -6.77858907e-07]
  ..., 
  [ -8.32423484e-06  -4.96901839e-06]
  [ -1.18530534e-05  -5.52280153e-06]
  [ -1.48976860e-05  -6.41922225e-06]]

 ..., 
 [[ -1.47975755e+00   5.40706348e+00]
  [ -1.45227206e+00   5.40551186e+00]
  [ -1.42432010e+00   5.45529461e+00]
  ..., 
  [  3.55825400e+00   5.31186438e+00]
  [  3.73406696e+00   5.32567692e+00]
  [  3.97783256e+00   5.43124008e+00]]

 [[ -1.41167700e+00   5.37355518e+00]
  [ -1.39418638e+00   5.37788582e+00]
  [ -1.36989260e+00   5.43196344e+00]
  ..., 
  [  3.32568860e+00   5.00346565e+00]
  [  3.52582145e+00   5.04283857e+00]
  [  3.78743172e+00   5.17309093e+00]]

 [[ -1.31165719e+00   5.27219439e+00]
  [ -1.30671883e+00   5.28774691e+00]
  [ -1.28858674e+00   5.36611843e+00]
  ..., 
  [  3.11820006e+00   4.68710709e+00]
  [  3.30343819e+00   4.68495274e+00]
  [  3.49610806e+00   4.72448301e+00]]]",0.249186639184,,,,24.281709273,,2.67991542816
5.67e+11,"[[[ -4.81495090e-06  -1.57558259e-06]
  [ -4.87107854e-06  -1.46795298e-06]
  [ -4.53669736e-06  -1.17255900e-06]
  ..., 
  [  2.24629019e-07  -1.89196214e-06]
  [ -1.08142910e-06  -1.30899593e-06]
  [ -2.44314151e-07  -1.39799067e-06]]

 [[ -4.70557325e-06  -2.02250385e-06]
  [ -4.78909578e-06  -1.91993672e-06]
  [ -4.45740989e-06  -1.54163388e-06]
  ..., 
  [  6.46012893e-07  -3.98888415e-06]
  [ -9.71358887e-08  -3.08916242e-06]
  [  1.97069903e-06  -3.31638921e-06]]

 [[ -4.22939047e-06  -2.44884222e-06]
  [ -4.35254105e-06  -2.34964409e-06]
  [ -4.07862444e-06  -1.89121897e-06]
  ..., 
  [  4.40469449e-07  -5.22641540e-06]
  [  3.02492651e-07  -4.23815800e-06]
  [  3.61170487e-06  -4.60326874e-06]]

 ..., 
 [[ -1.36395705e+00   2.58130193e+00]
  [ -1.33340371e+00   2.64040947e+00]
  [ -1.34293962e+00   2.69959116e+00]
  ..., 
  [  1.94339287e+00   3.25929284e+00]
  [  1.98452437e+00   3.31218386e+00]
  [  2.05836964e+00   3.29176188e+00]]

 [[ -1.27182400e+00   2.46736121e+00]
  [ -1.26876950e+00   2.57698941e+00]
  [ -1.28060579e+00   2.64758635e+00]
  ..., 
  [  1.85284936e+00   3.24327445e+00]
  [  1.87074363e+00   3.28408694e+00]
  [  1.93330050e+00   3.22713709e+00]]

 [[ -1.16699493e+00   2.28051305e+00]
  [ -1.19113719e+00   2.44415355e+00]
  [ -1.19716668e+00   2.52145243e+00]
  ..., 
  [  1.75401473e+00   3.04538751e+00]
  [  1.75179195e+00   3.06430340e+00]
  [  1.80667818e+00   2.98676014e+00]]]",0.129739120549,,,,24.0012754825,,2.82921886444
5.671e+11,"[[[  2.46942591e-06   6.86009344e-07]
  [  2.92924096e-06   5.76687910e-07]
  [  3.30806961e-06   4.41446559e-07]
  ..., 
  [  9.45570150e-07  -8.81978565e-07]
  [  6.91896958e-07  -8.86901489e-07]
  [ -1.09166058e-06  -7.36990728e-07]]

 [[  3.49284528e-06   4.10094714e-07]
  [  4.17939464e-06   2.81378533e-07]
  [  4.66668644e-06   1.20445947e-07]
  ..., 
  [  2.32875982e-06  -1.59506976e-06]
  [  1.96467090e-06  -1.49737650e-06]
  [ -4.21093887e-07  -1.22064159e-06]]

 [[  4.33754667e-06   1.47294458e-07]
  [  5.19012019e-06  -1.02164250e-07]
  [  5.89807269e-06  -3.66023812e-07]
  ..., 
  [  3.64989273e-06  -2.51213373e-06]
  [  3.47245441e-06  -2.47814523e-06]
  [  7.92411527e-07  -2.15020827e-06]]

 ..., 
 [[ -1.55019152e+00   3.62922621e+00]
  [ -1.52395451e+00   3.65217018e+00]
  [ -1.52236545e+00   3.69907928e+00]
  ..., 
  [  2.35820746e+00   3.58344483e+00]
  [  2.42451954e+00   3.49449182e+00]
  [  2.49646163e+00   3.48342752e+00]]

 [[ -1.41569221e+00   3.39071369e+00]
  [ -1.40464377e+00   3.46456265e+00]
  [ -1.41682529e+00   3.55201006e+00]
  ..., 
  [  2.16145229e+00   3.39155555e+00]
  [  2.24986815e+00   3.28505874e+00]
  [  2.30154419e+00   3.23588204e+00]]

 [[ -1.17304146e+00   2.94900036e+00]
  [ -1.19930387e+00   3.11737514e+00]
  [ -1.24300373e+00   3.29350328e+00]
  ..., 
  [  1.89065254e+00   3.16294169e+00]
  [  1.96608508e+00   3.03165936e+00]
  [  2.01804066e+00   2.94431567e+00]]]",0.17850679931,,,,23.7074981393,,2.93513154984
5.673e+11,"[[[  6.60882461e-06  -1.85152282e-06]
  [  6.64218578e-06  -2.10669759e-06]
  [  5.98620727e-06  -2.04952335e-06]
  ..., 
  [ -4.35291713e-06  -3.25250141e-07]
  [ -4.49377467e-06  -2.95502645e-07]
  [ -4.55188319e-06  -2.85862910e-07]]

 [[  7.12222845e-06  -2.40744362e-06]
  [  7.47633658e-06  -2.82421752e-06]
  [  7.06879428e-06  -2.86374870e-06]
  ..., 
  [ -6.10380448e-06  -1.71115943e-07]
  [ -6.12377107e-06  -1.37234636e-07]
  [ -6.02817454e-06  -1.74091781e-07]]

 [[  6.74904641e-06  -2.89120885e-06]
  [  7.34753075e-06  -3.39870689e-06]
  [  7.26022699e-06  -3.54438566e-06]
  ..., 
  [ -7.63457956e-06   3.04412708e-08]
  [ -7.85100565e-06   6.29576533e-08]
  [ -7.82898223e-06  -3.85062116e-08]]

 ..., 
 [[ -3.66479015e+00   7.89522505e+00]
  [ -3.65688133e+00   7.93284845e+00]
  [ -3.71716166e+00   7.94070864e+00]
  ..., 
  [  3.83900905e+00   6.80687475e+00]
  [  4.06300974e+00   6.88032103e+00]
  [  4.18808126e+00   6.97547913e+00]]

 [[ -3.53784013e+00   7.52985287e+00]
  [ -3.57077336e+00   7.58842134e+00]
  [ -3.67812991e+00   7.63119411e+00]
  ..., 
  [  3.52579904e+00   6.42283392e+00]
  [  3.59402180e+00   6.30650377e+00]
  [  3.73710179e+00   6.42371464e+00]]

 [[ -3.30813432e+00   7.17759705e+00]
  [ -3.38109016e+00   7.26644707e+00]
  [ -3.52412653e+00   7.37423515e+00]
  ..., 
  [  3.11970544e+00   6.00661850e+00]
  [  3.06177902e+00   5.71518564e+00]
  [  3.20614600e+00   5.79881620e+00]]]",0.426403554181,,,,23.0942745307,,3.09774327278
5.674e+11,"[[[ -3.07499499e-06  -1.31211486e-08]
  [ -2.71140766e-06  -8.76486581e-08]
  [ -2.61501555e-06  -7.76545548e-08]
  ..., 
  [  6.94265509e-07   5.39061659e-07]
  [ -1.09498487e-07   5.36276104e-07]
  [ -7.47922002e-07   4.86834040e-07]]

 [[ -3.26240843e-06   9.38476106e-08]
  [ -2.90729599e-06   3.50367699e-08]
  [ -2.82285259e-06   1.75203709e-08]
  ..., 
  [  7.74730040e-07   6.01874547e-07]
  [ -2.92055855e-08   5.96976122e-07]
  [ -6.68080929e-07   5.40167093e-07]]

 [[ -2.76849437e-06   4.50402041e-07]
  [ -2.46720424e-06   4.00520548e-07]
  [ -2.51689721e-06   3.15912473e-07]
  ..., 
  [  9.89699288e-07   7.02666625e-07]
  [  6.15501676e-08   6.74517253e-07]
  [ -6.48141338e-07   6.01110798e-07]]

 ..., 
 [[ -1.75733984e+00   4.96890783e+00]
  [ -1.78706563e+00   5.00879431e+00]
  [ -1.73802292e+00   5.02135754e+00]
  ..., 
  [  1.79367924e+00   4.66038179e+00]
  [  1.79499471e+00   4.51847553e+00]
  [  1.95245779e+00   4.25364542e+00]]

 [[ -1.69686913e+00   4.95887756e+00]
  [ -1.74525273e+00   5.01960230e+00]
  [ -1.70575917e+00   5.04837465e+00]
  ..., 
  [  1.76797497e+00   4.54275751e+00]
  [  1.75834703e+00   4.39800930e+00]
  [  1.90757859e+00   4.13844395e+00]]

 [[ -1.59367228e+00   4.86830711e+00]
  [ -1.66390979e+00   4.95955992e+00]
  [ -1.63909066e+00   5.00654364e+00]
  ..., 
  [  1.70335734e+00   4.33335352e+00]
  [  1.67688429e+00   4.16012716e+00]
  [  1.80951297e+00   3.91460371e+00]]]",0.241873209554,,,,22.7769769022,,3.16889095306
5.675e+11,"[[[ -1.61233800e-06   1.37528247e-07]
  [ -1.84275416e-06   1.63741575e-07]
  [ -1.88862612e-06   9.90132207e-08]
  ..., 
  [  1.83233237e-06   2.24321502e-06]
  [  2.11871225e-06   2.12388272e-06]
  [  2.25139797e-06   2.14396277e-06]]

 [[ -1.65898905e-06   4.31758366e-07]
  [ -2.00424961e-06   6.41528288e-07]
  [ -1.84434953e-06   6.88592706e-07]
  ..., 
  [  1.99778447e-06   2.07492690e-06]
  [  2.28451836e-06   1.98937732e-06]
  [  2.40267741e-06   2.06318032e-06]]

 [[ -1.05460185e-06   3.98887209e-07]
  [ -1.47795606e-06   7.82424479e-07]
  [ -1.25818519e-06   9.33013894e-07]
  ..., 
  [  2.46573245e-06   1.91750860e-06]
  [  2.74143554e-06   1.88415947e-06]
  [  2.73276669e-06   1.98970906e-06]]

 ..., 
 [[ -2.20800734e+00   5.32536077e+00]
  [ -2.25432324e+00   5.35496712e+00]
  [ -2.21770883e+00   5.43640041e+00]
  ..., 
  [  2.52484894e+00   5.05121469e+00]
  [  2.47798395e+00   4.99188805e+00]
  [  2.45518112e+00   4.89571142e+00]]

 [[ -2.13375688e+00   5.36837721e+00]
  [ -2.19132090e+00   5.39598846e+00]
  [ -2.17467165e+00   5.51035738e+00]
  ..., 
  [  2.34449291e+00   4.91001081e+00]
  [  2.28581548e+00   4.83751011e+00]
  [  2.24197245e+00   4.69536495e+00]]

 [[ -2.02584529e+00   5.32707644e+00]
  [ -2.09593773e+00   5.33152962e+00]
  [ -2.11099648e+00   5.45905876e+00]
  ..., 
  [  1.92625833e+00   4.30353546e+00]
  [  1.84111154e+00   4.19650364e+00]
  [  1.79047680e+00   4.03343391e+00]]]",0.257912929483,,,,22.4519250154,,3.23593854904
5.677e+11,"[[[ -3.61112438e-06  -9.46830369e-07]
  [ -3.17157151e-06  -1.01163323e-06]
  [ -2.41208409e-06  -9.19905858e-07]
  ..., 
  [  2.74245849e-07   1.21607445e-06]
  [ -5.88025557e-07   1.31991590e-06]
  [ -1.84378803e-06   1.40238387e-06]]

 [[ -4.93844891e-06  -1.21791697e-06]
  [ -4.43354975e-06  -1.29768080e-06]
  [ -3.49754123e-06  -1.18332446e-06]
  ..., 
  [  2.95254267e-07   1.45398485e-06]
  [ -5.58813724e-07   1.57201794e-06]
  [ -1.78242635e-06   1.66574523e-06]]

 [[ -5.97735925e-06  -1.30414367e-06]
  [ -5.50315144e-06  -1.32923071e-06]
  [ -4.38315328e-06  -1.20158927e-06]
  ..., 
  [  4.63227224e-07   1.91546974e-06]
  [ -4.91565288e-07   1.92716993e-06]
  [ -1.78654034e-06   1.95158532e-06]]

 ..., 
 [[ -4.08234787e+00   8.67447662e+00]
  [ -4.06510544e+00   8.75909138e+00]
  [ -4.03782463e+00   8.83066750e+00]
  ..., 
  [  3.61240864e+00   7.87359238e+00]
  [  3.68367481e+00   7.62956142e+00]
  [  3.67883348e+00   7.35554981e+00]]

 [[ -3.96203184e+00   8.61594009e+00]
  [ -3.95180488e+00   8.70525265e+00]
  [ -3.92325473e+00   8.77385902e+00]
  ..., 
  [  3.48255086e+00   7.65825081e+00]
  [  3.49918532e+00   7.39403868e+00]
  [  3.47463536e+00   7.12908649e+00]]

 [[ -3.86945367e+00   8.51261806e+00]
  [ -3.87163568e+00   8.62526798e+00]
  [ -3.85541916e+00   8.71443653e+00]
  ..., 
  [  3.20800853e+00   7.00756645e+00]
  [  3.18788815e+00   6.74861288e+00]
  [  3.18404818e+00   6.57680988e+00]]]",0.492306267882,,,,21.7848167429,,3.35164833069
5.679e+11,"[[[ -9.85849397e-07   1.62353217e-06]
  [ -4.79399887e-07   1.52157281e-06]
  [ -2.68965096e-07   1.29972682e-06]
  ..., 
  [  1.17999639e-06   1.00459795e-06]
  [  2.37987024e-06   1.14446186e-06]
  [  3.90737750e-06   1.28851229e-06]]

 [[ -8.21824415e-07   1.81580560e-06]
  [ -3.62492273e-07   1.66174993e-06]
  [ -2.28468920e-07   1.42854026e-06]
  ..., 
  [  2.71672161e-06   6.58412660e-07]
  [  3.91799722e-06   8.33695196e-07]
  [  5.50546019e-06   1.03785726e-06]]

 [[ -6.21862057e-07   1.88663660e-06]
  [ -2.24712849e-07   1.71410522e-06]
  [ -1.57309060e-07   1.47196170e-06]
  ..., 
  [  5.19439936e-06  -2.10981490e-08]
  [  6.62419188e-06   2.40003629e-07]
  [  8.28850625e-06   5.68150085e-07]]

 ..., 
 [[ -3.66254926e+00   8.05241585e+00]
  [ -3.70015025e+00   8.42395306e+00]
  [ -3.82170033e+00   8.90219593e+00]
  ..., 
  [  2.35083294e+00   6.45693636e+00]
  [  2.08548260e+00   5.43766928e+00]
  [  2.00585628e+00   4.79311705e+00]]

 [[ -3.45079255e+00   7.68652296e+00]
  [ -3.50263190e+00   8.11450481e+00]
  [ -3.66881609e+00   8.68394184e+00]
  ..., 
  [  2.05923009e+00   6.18018627e+00]
  [  1.89103663e+00   5.19582319e+00]
  [  1.92119551e+00   4.65963459e+00]]

 [[ -3.14883852e+00   7.12620068e+00]
  [ -3.21772599e+00   7.62241030e+00]
  [ -3.45058036e+00   8.30215836e+00]
  ..., 
  [  1.65025198e+00   5.78538418e+00]
  [  1.69755650e+00   4.88876915e+00]
  [  1.81744587e+00   4.34404993e+00]]]",0.518920629041,,,,21.096306026,,3.46039152145
5.68e+11,"[[[ -1.41511612e-06   2.02357398e-07]
  [ -1.42047099e-06   3.13059985e-07]
  [ -1.75523326e-06   2.67664916e-07]
  ..., 
  [ -1.82208419e-06   6.85304599e-07]
  [ -2.54868178e-06   5.66474398e-07]
  [ -3.67197845e-06   4.76532875e-07]]

 [[ -1.75938067e-06   1.12764219e-07]
  [ -2.10228632e-06   2.82628434e-07]
  [ -2.80624272e-06   2.29188615e-07]
  ..., 
  [ -3.04296145e-06   9.26819610e-07]
  [ -3.75445347e-06   7.79731863e-07]
  [ -5.01746445e-06   6.67318943e-07]]

 [[ -1.93209758e-06  -2.01900150e-07]
  [ -2.77961499e-06   5.33214077e-08]
  [ -3.80116057e-06   8.95342183e-08]
  ..., 
  [ -4.85970304e-06   1.38321275e-06]
  [ -5.64707670e-06   1.27290298e-06]
  [ -6.97900941e-06   1.12788928e-06]]

 ..., 
 [[ -1.78628469e+00   5.36209536e+00]
  [ -1.81668925e+00   5.41969252e+00]
  [ -1.84718895e+00   5.45410967e+00]
  ..., 
  [  2.11965537e+00   4.79256821e+00]
  [  2.10470748e+00   4.54062605e+00]
  [  1.99839485e+00   4.31839609e+00]]

 [[ -1.73646176e+00   5.35018778e+00]
  [ -1.78449142e+00   5.42019463e+00]
  [ -1.81966889e+00   5.46105194e+00]
  ..., 
  [  2.05386329e+00   4.69983530e+00]
  [  2.03713369e+00   4.42772388e+00]
  [  1.94194448e+00   4.18781376e+00]]

 [[ -1.64483690e+00   5.20948792e+00]
  [ -1.71008492e+00   5.31056833e+00]
  [ -1.75482309e+00   5.37174082e+00]
  ..., 
  [  1.92628968e+00   4.49579191e+00]
  [  1.89220917e+00   4.18704557e+00]
  [  1.80186749e+00   3.94106436e+00]]]",0.268065850847,,,,20.7460424368,,3.50841283798
5.682e+11,"[[[  2.13285645e-07   8.37993184e-07]
  [  9.12147186e-07   5.65219977e-07]
  [  1.25558768e-06   3.81155616e-07]
  ..., 
  [  4.40561735e-07   2.08736901e-06]
  [  9.43646285e-07   1.83072495e-06]
  [  1.47736580e-06   1.71012005e-06]]

 [[  8.27170311e-07   9.42810402e-07]
  [  1.65055258e-06   6.57543637e-07]
  [  1.94440486e-06   4.43839298e-07]
  ..., 
  [  1.11981967e-06   2.01051762e-06]
  [  1.77081222e-06   1.74788420e-06]
  [  2.66146003e-06   1.68201893e-06]]

 [[  8.46759178e-07   9.21562844e-07]
  [  1.95237158e-06   6.35005676e-07]
  [  2.26276234e-06   4.15670257e-07]
  ..., 
  [  2.71295744e-06   1.49724769e-06]
  [  3.58988814e-06   1.24155906e-06]
  [  4.64110781e-06   1.19706033e-06]]

 ..., 
 [[ -2.72372913e+00   8.60568047e+00]
  [ -2.81158185e+00   8.80155277e+00]
  [ -2.99767900e+00   9.06570244e+00]
  ..., 
  [  2.46288991e+00   7.93548584e+00]
  [  2.39371181e+00   7.74831057e+00]
  [  2.34442067e+00   7.37755489e+00]]

 [[ -2.70362878e+00   8.42041111e+00]
  [ -2.76806211e+00   8.58883953e+00]
  [ -2.96172476e+00   8.94032860e+00]
  ..., 
  [  2.34650326e+00   7.74035740e+00]
  [  2.26568103e+00   7.59488964e+00]
  [  2.21668267e+00   7.21523571e+00]]

 [[ -2.61829519e+00   8.24264526e+00]
  [ -2.63097310e+00   8.37576580e+00]
  [ -2.82417011e+00   8.76086712e+00]
  ..., 
  [  2.16842914e+00   7.22349310e+00]
  [  2.01706052e+00   7.08310223e+00]
  [  1.86537635e+00   6.60441256e+00]]]",0.531847609421,,,,20.030093424,,3.59830737114
5.683e+11,"[[[ -7.29749701e-08  -2.29865922e-08]
  [ -3.03049063e-07  -4.29861302e-08]
  [ -3.30712851e-07   3.98242106e-09]
  ..., 
  [ -1.61166497e-06   3.46318785e-07]
  [ -2.04603339e-06   3.46357723e-07]
  [ -2.61696550e-06   3.54164030e-07]]

 [[ -2.61754167e-07   1.12916766e-07]
  [ -4.44436779e-07   7.39928581e-08]
  [ -3.24337236e-07   1.59960607e-07]
  ..., 
  [ -2.09500240e-06   3.40953875e-07]
  [ -2.68560643e-06   3.70987493e-07]
  [ -3.59454634e-06   4.04815182e-07]]

 [[ -7.44052500e-07   7.01226384e-07]
  [ -8.09597225e-07   6.34783646e-07]
  [ -5.75057811e-07   6.19997877e-07]
  ..., 
  [ -3.58593547e-06   7.09517622e-07]
  [ -4.39549376e-06   7.83977782e-07]
  [ -5.47541458e-06   8.38644610e-07]]

 ..., 
 [[ -1.90220463e+00   4.84643507e+00]
  [ -1.88147449e+00   4.96848249e+00]
  [ -1.84062719e+00   5.00774908e+00]
  ..., 
  [  2.45373964e+00   5.12807703e+00]
  [  2.47998929e+00   4.98744822e+00]
  [  2.57162833e+00   4.82972527e+00]]

 [[ -1.73735881e+00   4.59610033e+00]
  [ -1.75697339e+00   4.79954195e+00]
  [ -1.72615707e+00   4.86870861e+00]
  ..., 
  [  2.31298184e+00   5.01342201e+00]
  [  2.31769133e+00   4.85248709e+00]
  [  2.40781116e+00   4.67666626e+00]]

 [[ -1.53828752e+00   4.19697809e+00]
  [ -1.58705783e+00   4.45771027e+00]
  [ -1.56069803e+00   4.51417780e+00]
  ..., 
  [  2.00211406e+00   4.30597687e+00]
  [  2.00757241e+00   4.13063431e+00]
  [  2.10517597e+00   3.94309878e+00]]]",0.273947704285,,,,19.6644388305,,3.63789463043
5.684e+11,"[[[ -7.13262850e-19   5.60034155e-19]
  [ -1.22599675e-18   5.33724849e-19]
  [ -1.59706222e-18   5.14622146e-19]
  ..., 
  [  3.25646715e-06  -8.46517381e-08]
  [  2.86116574e-06  -6.09328268e-08]
  [  1.95834536e-06   4.67082586e-08]]

 [[ -5.02234083e-18   1.77646425e-18]
  [ -5.67570763e-18   1.98817617e-18]
  [ -6.47645321e-18   1.85754822e-18]
  ..., 
  [  3.18023058e-06  -3.61862114e-08]
  [  2.79104597e-06  -9.39333766e-09]
  [  1.90967148e-06   1.04406709e-07]]

 [[ -6.49060569e-17   8.40846761e-17]
  [ -6.76665108e-17   1.06892944e-16]
  [ -6.15392928e-17   1.13288023e-16]
  ..., 
  [  3.60469267e-06   2.59113087e-08]
  [  3.07774985e-06   5.13902840e-08]
  [  2.03880904e-06   1.59864385e-07]]

 ..., 
 [[ -2.60235524e+00   5.46282959e+00]
  [ -2.57292581e+00   5.53247929e+00]
  [ -2.52958345e+00   5.58221579e+00]
  ..., 
  [  2.03958464e+00   4.74175787e+00]
  [  2.21108651e+00   4.79149675e+00]
  [  2.30609035e+00   4.72651577e+00]]

 [[ -2.26589704e+00   4.79109001e+00]
  [ -2.24902463e+00   4.86130142e+00]
  [ -2.23046422e+00   4.94188547e+00]
  ..., 
  [  1.86632156e+00   4.53976631e+00]
  [  1.96343982e+00   4.48983240e+00]
  [  1.99715722e+00   4.35365248e+00]]

 [[ -1.89305484e+00   4.11127949e+00]
  [ -1.91435444e+00   4.23925495e+00]
  [ -1.93670392e+00   4.36274576e+00]
  ..., 
  [  1.61970210e+00   4.11836433e+00]
  [  1.66328382e+00   3.97111750e+00]
  [  1.66867161e+00   3.79592848e+00]]]",0.28554148956,,,,19.2958826713,,3.67505216599
5.685e+11,"[[[ -1.46579907e-06   4.33400480e-08]
  [ -1.35004416e-06   1.09600506e-07]
  [ -1.62931997e-06   1.08157977e-07]
  ..., 
  [ -1.76919968e-06   1.12146904e-06]
  [ -2.13539920e-06   1.24869837e-06]
  [ -2.40965642e-06   1.23815562e-06]]

 [[ -2.27893474e-06  -8.63111964e-08]
  [ -2.38509415e-06   6.16984082e-08]
  [ -2.99754743e-06   1.24332814e-07]
  ..., 
  [ -1.84028545e-06   1.20875245e-06]
  [ -2.21613959e-06   1.35497498e-06]
  [ -2.47657476e-06   1.36804340e-06]]

 [[ -2.72988041e-06  -4.35606921e-07]
  [ -3.12658767e-06  -2.14699284e-07]
  [ -4.09012455e-06   1.01579278e-08]
  ..., 
  [ -2.35102243e-06   1.25005727e-06]
  [ -2.73533965e-06   1.28752902e-06]
  [ -2.94930032e-06   1.27156341e-06]]

 ..., 
 [[ -2.29590559e+00   5.86292887e+00]
  [ -2.25133443e+00   5.83348608e+00]
  [ -2.19497991e+00   5.79016161e+00]
  ..., 
  [  2.13571405e+00   5.18910885e+00]
  [  2.20262575e+00   5.11144114e+00]
  [  2.26394367e+00   5.14482737e+00]]

 [[ -2.28552389e+00   5.85239363e+00]
  [ -2.24381375e+00   5.82974863e+00]
  [ -2.18491530e+00   5.77877998e+00]
  ..., 
  [  1.91466069e+00   4.80980921e+00]
  [  1.98621535e+00   4.75256205e+00]
  [  2.04868340e+00   4.83036184e+00]]

 [[ -2.21557927e+00   5.78462029e+00]
  [ -2.19339275e+00   5.76486397e+00]
  [ -2.12376857e+00   5.69317865e+00]
  ..., 
  [  1.66463864e+00   4.34932613e+00]
  [  1.70039248e+00   4.24205875e+00]
  [  1.75723922e+00   4.31542349e+00]]]",0.289492169323,,,,18.9221412393,,3.71192526817
5.686e+11,"[[[ -5.98435747e-07   1.44283135e-07]
  [  8.03676414e-08   9.32485378e-08]
  [  3.31839544e-07   1.11500079e-07]
  ..., 
  [  9.72386488e-07   2.08843585e-06]
  [  1.41165151e-06   1.72746752e-06]
  [  1.55854832e-06   1.45378999e-06]]

 [[ -5.37188043e-07   2.28454610e-07]
  [  3.97878637e-07   1.27203620e-07]
  [  8.50045978e-07   1.05301758e-07]
  ..., 
  [  1.20665118e-06   1.94029690e-06]
  [  1.65062113e-06   1.58535659e-06]
  [  1.79148617e-06   1.35452967e-06]]

 [[ -6.45418311e-07   2.17065576e-07]
  [  3.71769374e-07   1.38529785e-07]
  [  9.17450450e-07   1.20669100e-07]
  ..., 
  [  1.89842945e-06   1.77679408e-06]
  [  2.35195353e-06   1.54583529e-06]
  [  2.41536532e-06   1.37829977e-06]]

 ..., 
 [[ -1.95131576e+00   5.84168243e+00]
  [ -1.97965312e+00   5.89345121e+00]
  [ -1.97845960e+00   5.97323799e+00]
  ..., 
  [  2.26166844e+00   4.57325363e+00]
  [  2.13631463e+00   4.45651484e+00]
  [  2.09944105e+00   4.39714479e+00]]

 [[ -1.82210696e+00   5.79340649e+00]
  [ -1.88883424e+00   5.86075735e+00]
  [ -1.89427686e+00   5.94427681e+00]
  ..., 
  [  1.94786489e+00   4.11478186e+00]
  [  1.76100075e+00   3.93387508e+00]
  [  1.73066342e+00   3.88457727e+00]]

 [[ -1.69307852e+00   5.69534683e+00]
  [ -1.76730633e+00   5.74385309e+00]
  [ -1.77474391e+00   5.80240679e+00]
  ..., 
  [  1.69635653e+00   3.79631710e+00]
  [  1.47269475e+00   3.57725310e+00]
  [  1.45426822e+00   3.53197932e+00]]]",0.288363912086,,,,18.5456005364,,3.74612545967
5.688e+11,"[[[  3.31534835e-07   1.53228825e-07]
  [  2.00222829e-07   1.78190476e-07]
  [  1.62812512e-07   1.82949393e-07]
  ..., 
  [  2.48528772e-06   1.98897197e-07]
  [  2.71162639e-06   2.42662509e-07]
  [  3.16700061e-06   2.77530177e-07]]

 [[  2.48046149e-07   2.02273924e-07]
  [ -9.80837456e-08   2.81848315e-07]
  [ -1.49149201e-07   3.02081048e-07]
  ..., 
  [  3.04048058e-06   2.79698497e-07]
  [  3.43649276e-06   2.95650494e-07]
  [  4.26064753e-06   3.23742711e-07]]

 [[  4.25872372e-07   1.74805024e-07]
  [ -1.56725051e-07   3.01385967e-07]
  [ -1.64301497e-07   3.46114234e-07]
  ..., 
  [  4.79489427e-06  -2.68430291e-08]
  [  5.36546258e-06  -6.98542451e-08]
  [  6.33474019e-06  -6.70182914e-08]]

 ..., 
 [[ -3.79633498e+00   7.81200743e+00]
  [ -3.98033690e+00   8.36366653e+00]
  [ -4.00823545e+00   8.80232811e+00]
  ..., 
  [ -2.18344629e-01   6.26860666e+00]
  [ -2.69024223e-01   6.18771553e+00]
  [ -3.78633469e-01   6.03298903e+00]]

 [[ -3.69381809e+00   7.71208334e+00]
  [ -3.90207028e+00   8.24052906e+00]
  [ -3.94774032e+00   8.67285633e+00]
  ..., 
  [ -3.25618207e-01   5.98304033e+00]
  [ -3.69789034e-01   5.91482639e+00]
  [ -4.12597626e-01   5.80878305e+00]]

 [[ -3.54673219e+00   7.36610126e+00]
  [ -3.82573652e+00   7.91116476e+00]
  [ -3.87677622e+00   8.39379311e+00]
  ..., 
  [ -5.40446758e-01   5.49609995e+00]
  [ -5.15113652e-01   5.46639204e+00]
  [ -4.84409362e-01   5.41899443e+00]]]",0.522141720463,,,,17.7815728894,,3.81199550629
5.69e+11,"[[[ -6.29452984e-07   1.23124266e-07]
  [ -5.75317983e-07   2.82211062e-07]
  [ -6.55190263e-07   4.44424387e-07]
  ..., 
  [ -3.07808682e-06   1.71708871e-06]
  [ -2.72441503e-06   1.63643551e-06]
  [ -1.18764513e-06   1.35540415e-06]]

 [[ -2.51862559e-07  -7.99378730e-10]
  [ -7.52735332e-08   2.07928437e-07]
  [ -2.13591733e-07   4.13137229e-07]
  ..., 
  [ -2.36967708e-06   1.29961268e-06]
  [ -2.12485315e-06   1.26658801e-06]
  [ -5.95154063e-07   1.03278205e-06]]

 [[  9.04095998e-08  -9.79998092e-08]
  [  6.14473095e-07   9.63433564e-08]
  [  4.71565158e-07   3.18152161e-07]
  ..., 
  [ -2.79747246e-06   1.04442722e-06]
  [ -2.55929763e-06   9.62191166e-07]
  [ -7.22659649e-07   7.01601493e-07]]

 ..., 
 [[ -2.46524549e+00   5.52762747e+00]
  [ -2.36735916e+00   5.50850534e+00]
  [ -2.30589294e+00   5.54126740e+00]
  ..., 
  [  2.54750204e+00   5.05266380e+00]
  [  2.55906487e+00   4.81970167e+00]
  [  2.49622250e+00   4.59235239e+00]]

 [[ -2.35655618e+00   5.32733631e+00]
  [ -2.26044941e+00   5.31226492e+00]
  [ -2.20009446e+00   5.34690857e+00]
  ..., 
  [  2.45860791e+00   4.88984346e+00]
  [  2.46509361e+00   4.60618830e+00]
  [  2.38527703e+00   4.34790564e+00]]

 [[ -2.12067628e+00   4.84758234e+00]
  [ -2.04423356e+00   4.88779163e+00]
  [ -1.99139130e+00   4.95996952e+00]
  ..., 
  [  2.28539181e+00   4.63186693e+00]
  [  2.31924248e+00   4.31012249e+00]
  [  2.22028923e+00   3.98771214e+00]]]",0.295435749483,,,,17.006070028,,3.86524653435
5.691e+11,"[[[  2.37132511e-07  -4.21457536e-09]
  [  3.39920717e-07  -4.66112233e-08]
  [  3.68193838e-07  -6.57062458e-08]
  ..., 
  [ -4.08263759e-06   1.81709686e-06]
  [ -4.73001319e-06   1.75492903e-06]
  [ -6.23575488e-06   1.70676583e-06]]

 [[  2.54217440e-07   8.94445762e-08]
  [  6.02854243e-07  -2.08969126e-08]
  [  8.25854841e-07  -1.03240751e-07]
  ..., 
  [ -5.61980232e-06   2.16568856e-06]
  [ -6.30545719e-06   2.09687482e-06]
  [ -7.97361736e-06   2.07172388e-06]]

 [[  5.09406881e-08   1.89260433e-07]
  [  4.15000642e-07   5.67764467e-08]
  [  7.67312656e-07  -6.52878782e-08]
  ..., 
  [ -8.63981768e-06   2.70365535e-06]
  [ -9.41079452e-06   2.63563493e-06]
  [ -1.11214040e-05   2.57677334e-06]]

 ..., 
 [[ -2.85152817e+00   3.82611609e+00]
  [ -2.88943267e+00   3.64070487e+00]
  [ -2.70959473e+00   3.53566813e+00]
  ..., 
  [  3.30582321e-01   1.78660023e+00]
  [  5.06209671e-01   1.73903680e+00]
  [  5.79465508e-01   1.78792679e+00]]

 [[ -2.79482746e+00   3.68045330e+00]
  [ -2.80503201e+00   3.45613503e+00]
  [ -2.63532972e+00   3.35264277e+00]
  ..., 
  [  3.82604092e-01   1.43792534e+00]
  [  4.78162557e-01   1.36954880e+00]
  [  5.58241308e-01   1.43277884e+00]]

 [[ -2.58948803e+00   3.51437259e+00]
  [ -2.56369424e+00   3.30044007e+00]
  [ -2.40523934e+00   3.19107127e+00]
  ..., 
  [  3.41759026e-01   7.85019040e-01]
  [  3.55846107e-01   7.08500504e-01]
  [  3.95909548e-01   7.64821291e-01]]]",0.365485418827,,,,16.6158808347,,3.88656258583
5.692e+11,"[[[ -3.15297441e-08  -1.03171631e-08]
  [ -7.61801928e-08   1.07140163e-08]
  [ -7.55278435e-08   2.20629683e-08]
  ..., 
  [ -1.02826937e-06  -6.27929467e-07]
  [ -9.65439767e-07  -6.43655198e-07]
  [ -1.42523356e-06  -6.19119362e-07]]

 [[ -1.52159231e-07   1.23824870e-08]
  [ -3.85064453e-07   7.37515506e-08]
  [ -3.77308481e-07   1.07580604e-07]
  ..., 
  [ -1.06669881e-06  -6.79283801e-07]
  [ -9.90026251e-07  -6.99695420e-07]
  [ -1.36794654e-06  -7.08467439e-07]]

 [[ -3.52008165e-08  -5.21399173e-08]
  [ -4.66274571e-07   6.44534595e-08]
  [ -4.30556781e-07   1.29807091e-07]
  ..., 
  [ -1.40073462e-06  -1.11093044e-07]
  [ -1.28235149e-06  -2.35814582e-07]
  [ -1.59585704e-06  -4.06684507e-07]]

 ..., 
 [[ -2.52128458e+00   6.33408594e+00]
  [ -2.50374579e+00   6.25251722e+00]
  [ -2.55603433e+00   6.29548311e+00]
  ..., 
  [  2.39301586e+00   5.55865002e+00]
  [  2.49379110e+00   5.49034500e+00]
  [  2.55257487e+00   5.49390030e+00]]

 [[ -2.37541437e+00   6.27843714e+00]
  [ -2.37185502e+00   6.15805197e+00]
  [ -2.45678282e+00   6.21345615e+00]
  ..., 
  [  2.26471853e+00   5.33492613e+00]
  [  2.34997296e+00   5.23780918e+00]
  [  2.38876891e+00   5.22752857e+00]]

 [[ -2.14025259e+00   6.07902002e+00]
  [ -2.15753818e+00   5.93850470e+00]
  [ -2.30191898e+00   6.05642080e+00]
  ..., 
  [  2.01579714e+00   4.80133677e+00]
  [  2.04113650e+00   4.56297588e+00]
  [  2.02805543e+00   4.51636648e+00]]]",0.308760553226,,,,16.2245090429,,3.90606665611
5.693e+11,"[[[  8.55637623e-08   1.24658996e-07]
  [  1.53692966e-07   7.36192476e-08]
  [  1.55966816e-07   5.71645096e-08]
  ..., 
  [ -2.72291459e-06  -4.53930653e-07]
  [ -2.69998509e-06  -4.16724106e-07]
  [ -2.82270275e-06  -3.32588456e-07]]

 [[  1.74745622e-07   1.13475060e-07]
  [  4.55880382e-07   2.03836947e-08]
  [  4.68813738e-07  -2.32438833e-08]
  ..., 
  [ -2.73541173e-06  -5.35193067e-07]
  [ -2.69790576e-06  -4.98164923e-07]
  [ -2.79138180e-06  -4.13963051e-07]]

 [[  2.01832400e-08   1.73749015e-07]
  [  5.24369341e-07   3.42625519e-08]
  [  5.20949868e-07  -4.28064482e-08]
  ..., 
  [ -2.76617357e-06  -6.01749207e-07]
  [ -2.72154034e-06  -5.65261530e-07]
  [ -2.76562992e-06  -4.73604302e-07]]

 ..., 
 [[ -3.04478383e+00   6.45391846e+00]
  [ -3.00266647e+00   6.50774479e+00]
  [ -2.93364048e+00   6.53080750e+00]
  ..., 
  [  3.00260329e+00   6.03203917e+00]
  [  3.09993315e+00   5.92922688e+00]
  [  3.13224053e+00   5.89117575e+00]]

 [[ -3.01741362e+00   6.42523050e+00]
  [ -2.97993922e+00   6.47879982e+00]
  [ -2.93674231e+00   6.51524115e+00]
  ..., 
  [  2.92301297e+00   5.93745041e+00]
  [  3.04155803e+00   5.80218744e+00]
  [  3.06557679e+00   5.74852705e+00]]

 [[ -2.95905685e+00   6.34240341e+00]
  [ -2.92249393e+00   6.39699841e+00]
  [ -2.88014674e+00   6.43588448e+00]
  ..., 
  [  2.76214600e+00   5.71482420e+00]
  [  2.90860510e+00   5.55216026e+00]
  [  2.92642760e+00   5.45724201e+00]]]",0.307974667782,,,,15.829529521,,3.92466306686
5.695e+11,"[[[ -2.97116003e-07  -8.98985604e-07]
  [ -4.95612198e-07  -7.15814565e-07]
  [ -5.40821134e-07  -5.14559190e-07]
  ..., 
  [  4.22721905e-06   3.71369850e-07]
  [  4.64513596e-06   2.13989466e-07]
  [  5.36891321e-06   7.91246109e-08]]

 [[  2.85314854e-07  -1.06894117e-06]
  [  3.92134361e-08  -8.80120581e-07]
  [ -4.86244858e-08  -6.41686938e-07]
  ..., 
  [  4.34018420e-06   4.32226528e-07]
  [  4.74119133e-06   2.61502521e-07]
  [  5.35068511e-06   1.52761473e-07]]

 [[  6.01830550e-07  -1.05473487e-06]
  [  3.23114818e-07  -8.74044417e-07]
  [  2.26997031e-07  -6.29707188e-07]
  ..., 
  [  5.27215207e-06   1.14399166e-08]
  [  5.56603663e-06  -2.37572966e-08]
  [  5.99326722e-06   2.61515343e-08]]

 ..., 
 [[ -2.27842116e+00   4.90619135e+00]
  [ -2.22840953e+00   4.95269823e+00]
  [ -2.18294621e+00   5.05184221e+00]
  ..., 
  [  2.72010756e+00   6.46414089e+00]
  [  2.91345644e+00   6.40784407e+00]
  [  3.10859275e+00   6.24867773e+00]]

 [[ -2.10391402e+00   4.69658327e+00]
  [ -2.04828668e+00   4.75559187e+00]
  [ -2.00843430e+00   4.88192701e+00]
  ..., 
  [  2.60347652e+00   6.37086105e+00]
  [  2.80444527e+00   6.32592487e+00]
  [  2.96008015e+00   6.13597250e+00]]

 [[ -1.91502059e+00   4.46032858e+00]
  [ -1.85017657e+00   4.52654362e+00]
  [ -1.79990399e+00   4.64963961e+00]
  ..., 
  [  2.48024392e+00   6.27085924e+00]
  [  2.71237922e+00   6.23585558e+00]
  [  2.81658578e+00   6.00567389e+00]]]",0.302694859835,,,,15.0346914477,,3.95902824402
5.696e+11,"[[[ -2.20962852e-06  -3.58853043e-07]
  [ -1.72236275e-06  -5.51705739e-07]
  [ -1.41151122e-06  -6.74663340e-07]
  ..., 
  [  9.62541321e-07  -6.84004178e-08]
  [  9.15806993e-07  -6.32886525e-08]
  [  6.77728963e-07  -1.01747606e-08]]

 [[ -2.12219720e-06  -6.90492698e-07]
  [ -1.48215895e-06  -9.74015393e-07]
  [ -9.82356028e-07  -1.21507310e-06]
  ..., 
  [  9.38344670e-07  -7.99183155e-08]
  [  8.91767854e-07  -7.35899164e-08]
  [  6.56302689e-07  -1.73595662e-08]]

 [[ -1.71430622e-06  -7.70651866e-07]
  [ -1.02898400e-06  -1.03597779e-06]
  [ -3.71077903e-07  -1.32341415e-06]
  ..., 
  [  1.03573905e-06  -9.25901489e-08]
  [  9.65019808e-07  -8.65481553e-08]
  [  6.89337810e-07  -3.12872608e-08]]

 ..., 
 [[ -4.19116592e+00   3.86406207e+00]
  [ -4.34012794e+00   3.69103622e+00]
  [ -4.09692764e+00   3.42819214e+00]
  ..., 
  [  4.34260666e-01   1.92751861e+00]
  [  4.38431710e-01   1.91998351e+00]
  [  5.62066019e-01   1.93492281e+00]]

 [[ -3.97657919e+00   3.62441087e+00]
  [ -4.15823841e+00   3.47099066e+00]
  [ -4.01381969e+00   3.28664923e+00]
  ..., 
  [  5.48904717e-01   1.50739467e+00]
  [  4.89243656e-01   1.49401665e+00]
  [  5.59715033e-01   1.48508894e+00]]

 [[ -3.44515491e+00   3.32489157e+00]
  [ -3.54290915e+00   3.16573429e+00]
  [ -3.46017551e+00   3.08649302e+00]
  ..., 
  [  5.50383210e-01   1.00388706e+00]
  [  4.67006534e-01   1.02451432e+00]
  [  4.93066788e-01   1.00274110e+00]]]",0.340057326106,,,,14.6349715107,,3.97456264496
5.698e+11,"[[[ -1.48108779e-06  -8.24454219e-07]
  [ -1.56210945e-06  -8.46854505e-07]
  [ -1.46183959e-06  -8.73488034e-07]
  ..., 
  [  5.49042284e-07   5.11578833e-07]
  [  8.52188180e-07   5.48462594e-07]
  [  1.65951633e-06   2.26073425e-07]]

 [[ -2.29512057e-06  -8.07634649e-07]
  [ -2.30990645e-06  -8.34487025e-07]
  [ -2.10754615e-06  -8.77764535e-07]
  ..., 
  [  1.06245113e-06   4.56831316e-07]
  [  1.52762368e-06   4.54432438e-07]
  [  2.73991418e-06   8.57061266e-08]]

 [[ -2.80993368e-06  -5.43053090e-07]
  [ -2.74537274e-06  -5.73364730e-07]
  [ -2.44861326e-06  -6.29957071e-07]
  ..., 
  [  1.55416944e-06   3.57363973e-07]
  [  2.26625548e-06   2.84548008e-07]
  [  3.74410843e-06  -9.70317728e-08]]

 ..., 
 [[ -2.71984148e+00   6.53988934e+00]
  [ -2.67378020e+00   6.49274158e+00]
  [ -2.74711537e+00   6.52784729e+00]
  ..., 
  [  2.32754755e+00   5.78457594e+00]
  [  2.72794890e+00   5.79485273e+00]
  [  2.81217504e+00   5.76951313e+00]]

 [[ -2.61800671e+00   6.43783712e+00]
  [ -2.57592797e+00   6.37368441e+00]
  [ -2.67814708e+00   6.44490194e+00]
  ..., 
  [  2.22275567e+00   5.60400534e+00]
  [  2.53845787e+00   5.42477942e+00]
  [  2.53433800e+00   5.33409500e+00]]

 [[ -2.50827193e+00   6.31034899e+00]
  [ -2.45548820e+00   6.25037384e+00]
  [ -2.58977008e+00   6.32424307e+00]
  ..., 
  [  1.96993363e+00   5.14842415e+00]
  [  2.14561248e+00   4.73804140e+00]
  [  2.04998755e+00   4.52088451e+00]]]",0.32502748538,,,,13.8312725369,,4.00042009354
5.699e+11,"[[[  6.23530161e-09  -6.64988065e-11]
  [ -1.15217030e-10   8.20589170e-12]
  [ -4.60497829e-12   1.38868680e-12]
  ..., 
  [  4.04088041e-06  -7.31160242e-07]
  [  3.63594131e-06  -7.82830398e-07]
  [  2.33199239e-06  -6.52924655e-07]]

 [[  6.28510444e-09  -2.53169929e-10]
  [ -1.11299171e-10   9.81626325e-12]
  [ -4.48628634e-12   1.88579057e-12]
  ..., 
  [  3.50609298e-06  -6.23179176e-07]
  [  2.94441247e-06  -6.33395814e-07]
  [  1.22388326e-06  -4.29291390e-07]]

 [[  6.60325661e-09  -3.48191476e-10]
  [ -1.08256584e-10   8.58415769e-12]
  [ -3.54634963e-12   2.57820544e-12]
  ..., 
  [  3.56202622e-06  -3.68169140e-07]
  [  2.67329551e-06  -3.53116832e-07]
  [  4.94637845e-07  -1.42064849e-07]]

 ..., 
 [[ -2.90381145e+00   6.63510847e+00]
  [ -2.89158130e+00   6.68022251e+00]
  [ -2.86469984e+00   6.68135929e+00]
  ..., 
  [  2.72295237e+00   6.46496010e+00]
  [  2.97017312e+00   6.30649948e+00]
  [  3.15133834e+00   6.22677565e+00]]

 [[ -2.86587691e+00   6.58759499e+00]
  [ -2.85178471e+00   6.63710451e+00]
  [ -2.82717919e+00   6.64178562e+00]
  ..., 
  [  2.61313009e+00   6.36899710e+00]
  [  2.87277317e+00   6.17946815e+00]
  [  3.06189084e+00   6.05471897e+00]]

 [[ -2.78244090e+00   6.44356441e+00]
  [ -2.76253438e+00   6.49450016e+00]
  [ -2.73193789e+00   6.49825048e+00]
  ..., 
  [  2.41738200e+00   6.14435530e+00]
  [  2.68104601e+00   5.92081022e+00]
  [  2.85587072e+00   5.73755884e+00]]]",0.32230476115,,,,13.427656398,,4.012383461
5.7e+11,"[[[ -2.71082939e-07   4.42384263e-08]
  [  1.48338919e-09   5.12872367e-09]
  [  1.26248082e-07   9.99815697e-09]
  ..., 
  [ -6.92415188e-06  -1.16405666e-07]
  [ -7.31948649e-06   1.46495784e-08]
  [ -7.18888623e-06  -9.82710873e-08]]

 [[ -2.09322096e-07   8.54222080e-08]
  [  5.50358372e-08   2.51806309e-08]
  [  1.43679713e-07   1.27541240e-08]
  ..., 
  [ -6.97551786e-06  -2.16323372e-07]
  [ -7.37901019e-06  -9.20948793e-08]
  [ -7.25325526e-06  -2.38481874e-07]]

 [[ -1.84428657e-07   6.69800571e-08]
  [  6.59614443e-08   1.62453304e-08]
  [  1.46274928e-07   8.59199467e-09]
  ..., 
  [ -7.91411730e-06   1.04964364e-07]
  [ -8.26985070e-06   1.17352720e-07]
  [ -8.01127862e-06  -1.65627341e-07]]

 ..., 
 [[ -2.13488746e+00   4.76382065e+00]
  [ -1.95881343e+00   4.69629860e+00]
  [ -1.79622269e+00   4.68148661e+00]
  ..., 
  [  2.55171943e+00   6.17686081e+00]
  [  2.72199845e+00   6.07652998e+00]
  [  2.88581395e+00   5.82362652e+00]]

 [[ -1.92602408e+00   4.50093508e+00]
  [ -1.74824178e+00   4.47135067e+00]
  [ -1.59134889e+00   4.48730326e+00]
  ..., 
  [  2.42767191e+00   6.07698917e+00]
  [  2.63024402e+00   6.01488400e+00]
  [  2.75900388e+00   5.73161793e+00]]

 [[ -1.74152458e+00   4.20453787e+00]
  [ -1.56615555e+00   4.22433281e+00]
  [ -1.40992236e+00   4.25374174e+00]
  ..., 
  [  2.27125263e+00   5.97470140e+00]
  [  2.50370288e+00   5.93702602e+00]
  [  2.61895084e+00   5.62743902e+00]]]",0.30280841385,,,,13.0233171118,,4.02616453171
5.701e+11,"[[[  2.64444657e-06   5.84790087e-07]
  [  2.28214503e-06   6.51291145e-07]
  [  2.03548552e-06   6.80026517e-07]
  ..., 
  [ -7.16838315e-07   8.35200467e-07]
  [ -7.77334492e-07   8.13456552e-07]
  [ -8.11225334e-07   9.14705311e-07]]

 [[  3.51627659e-06   5.25334656e-07]
  [  3.05137905e-06   6.02672799e-07]
  [  2.68277972e-06   6.54844882e-07]
  ..., 
  [ -7.03466696e-07   8.60305249e-07]
  [ -7.32055753e-07   8.42325221e-07]
  [ -6.59189766e-07   9.49328296e-07]]

 [[  4.00646604e-06   2.59535739e-07]
  [  3.47865762e-06   3.31691666e-07]
  [  3.00487159e-06   3.81557300e-07]
  ..., 
  [ -7.23676919e-07   8.62508671e-07]
  [ -7.35076298e-07   8.55288079e-07]
  [ -6.24748679e-07   9.70050905e-07]]

 ..., 
 [[ -2.91354585e+00   6.48049021e+00]
  [ -2.84543395e+00   6.58603096e+00]
  [ -2.81715655e+00   6.63596249e+00]
  ..., 
  [  2.32648420e+00   4.84683943e+00]
  [  2.22987556e+00   4.68605566e+00]
  [  2.22116208e+00   4.66308641e+00]]

 [[ -2.85698843e+00   6.19105196e+00]
  [ -2.80564094e+00   6.30801773e+00]
  [ -2.79036260e+00   6.38022804e+00]
  ..., 
  [  2.14719725e+00   4.48893166e+00]
  [  2.06074262e+00   4.36317730e+00]
  [  2.04566884e+00   4.32616568e+00]]

 [[ -2.58500385e+00   5.54491997e+00]
  [ -2.56525850e+00   5.63027573e+00]
  [ -2.55856156e+00   5.71829319e+00]
  ..., 
  [  1.93478012e+00   4.05405903e+00]
  [  1.85194850e+00   3.88931632e+00]
  [  1.78647816e+00   3.76474762e+00]]]",0.327804712284,,,,12.6165686243,,4.04077768326
5.702e+11,"[[[  6.67365327e-07   3.43404139e-07]
  [  6.59612056e-07   3.86035055e-07]
  [  5.11610665e-07   4.67608942e-07]
  ..., 
  [  6.91185903e-07   8.69817640e-08]
  [  6.43658780e-07   8.28812290e-08]
  [  6.40830933e-07   9.73243175e-08]]

 [[  2.53408302e-07   6.79157949e-07]
  [  2.64337501e-07   7.45489558e-07]
  [  1.14990591e-07   8.83328482e-07]
  ..., 
  [  6.92371941e-07   9.30211925e-08]
  [  6.44927013e-07   9.09370002e-08]
  [  6.41225029e-07   1.08595998e-07]]

 [[ -3.67562222e-07   8.07145796e-07]
  [ -3.38333109e-07   8.77379250e-07]
  [ -4.75724306e-07   1.03053867e-06]
  ..., 
  [  6.95643848e-07   9.51320516e-08]
  [  6.49825211e-07   9.54323909e-08]
  [  6.43727503e-07   1.14804791e-07]]

 ..., 
 [[ -2.36606288e+00   6.48989296e+00]
  [ -2.26773119e+00   6.47707605e+00]
  [ -2.33953762e+00   6.52552652e+00]
  ..., 
  [  2.79647303e+00   6.13954163e+00]
  [  2.87497616e+00   5.84751892e+00]
  [  2.81418061e+00   5.55011463e+00]]

 [[ -2.27711892e+00   6.40090513e+00]
  [ -2.18165612e+00   6.40572596e+00]
  [ -2.27277470e+00   6.47446632e+00]
  ..., 
  [  2.70606661e+00   6.06485510e+00]
  [  2.78982973e+00   5.75152397e+00]
  [  2.72188735e+00   5.42615604e+00]]

 [[ -2.17375994e+00   6.22342110e+00]
  [ -2.07899308e+00   6.24196815e+00]
  [ -2.19514441e+00   6.34409094e+00]
  ..., 
  [  2.44728708e+00   5.55026865e+00]
  [  2.47232819e+00   5.13710737e+00]
  [  2.38101602e+00   4.72555208e+00]]]",0.329160477545,,,,12.2088756627,,4.05366373062
5.703e+11,"[[[ -9.62178092e-07   1.83350085e-06]
  [ -9.27341887e-07   1.89462810e-06]
  [ -9.01881720e-07   2.05748756e-06]
  ..., 
  [ -1.31246122e-06   3.13277633e-06]
  [ -1.10702331e-06   3.08417361e-06]
  [ -9.61023375e-07   3.24222606e-06]]

 [[ -8.52670382e-07   1.94065956e-06]
  [ -8.16715954e-07   2.00727777e-06]
  [ -7.61407307e-07   2.18553441e-06]
  ..., 
  [ -1.11617021e-06   3.14599811e-06]
  [ -9.25938821e-07   3.11467761e-06]
  [ -8.78513731e-07   3.32412060e-06]]

 [[ -6.67326674e-07   1.89031300e-06]
  [ -6.40246242e-07   1.94970949e-06]
  [ -5.98167048e-07   2.11950282e-06]
  ..., 
  [ -1.01621606e-06   3.09165262e-06]
  [ -8.48367790e-07   3.08340555e-06]
  [ -8.61345768e-07   3.29052159e-06]]

 ..., 
 [[ -2.74589539e+00   6.51043129e+00]
  [ -2.62749052e+00   6.45188141e+00]
  [ -2.70359635e+00   6.45229769e+00]
  ..., 
  [  2.33457541e+00   6.05357695e+00]
  [  2.73475266e+00   5.97158480e+00]
  [  2.85939693e+00   5.90970469e+00]]

 [[ -2.64806461e+00   6.39792013e+00]
  [ -2.52368355e+00   6.33142281e+00]
  [ -2.63242984e+00   6.35438967e+00]
  ..., 
  [  2.21150279e+00   5.94877911e+00]
  [  2.55710459e+00   5.71838522e+00]
  [  2.63949585e+00   5.53923130e+00]]

 [[ -2.50246191e+00   6.21915436e+00]
  [ -2.36992455e+00   6.17209148e+00]
  [ -2.51238155e+00   6.19251490e+00]
  ..., 
  [  1.99589002e+00   5.55559111e+00]
  [  2.24067521e+00   5.22358465e+00]
  [  2.27187514e+00   4.92542982e+00]]]",0.327947489328,,,,11.7997089134,,4.06383991241
5.704e+11,"[[[ -3.08779448e-07   8.42916108e-07]
  [ -3.12525515e-07   8.63904233e-07]
  [ -1.96558943e-07   9.20371690e-07]
  ..., 
  [  2.55220857e-06   2.41969900e-07]
  [  2.47352932e-06   2.18043752e-07]
  [  2.41325392e-06   2.58059032e-07]]

 [[  1.33106255e-07   6.24678307e-07]
  [  1.21324490e-07   6.26175392e-07]
  [  2.80010767e-07   6.45270234e-07]
  ..., 
  [  2.56293515e-06   2.96236038e-07]
  [  2.48303672e-06   2.79616984e-07]
  [  2.42108695e-06   3.37340026e-07]]

 [[  7.80934784e-07   5.34701769e-07]
  [  7.47672630e-07   5.21438665e-07]
  [  8.89855926e-07   5.13489852e-07]
  ..., 
  [  2.59665831e-06   3.35225707e-07]
  [  2.52294217e-06   3.24378902e-07]
  [  2.44971488e-06   3.85900108e-07]]

 ..., 
 [[ -3.01756620e+00   6.98178816e+00]
  [ -3.00367713e+00   7.02827692e+00]
  [ -2.98677206e+00   7.06178474e+00]
  ..., 
  [  2.83453894e+00   7.08849621e+00]
  [  2.96273422e+00   6.94542694e+00]
  [  3.14907980e+00   6.80005598e+00]]

 [[ -2.96202803e+00   6.92416239e+00]
  [ -2.95321774e+00   6.97250175e+00]
  [ -2.93813872e+00   7.00315952e+00]
  ..., 
  [  2.72178936e+00   6.96720886e+00]
  [  2.86843777e+00   6.80602980e+00]
  [  3.07797718e+00   6.61805296e+00]]

 [[ -2.83261466e+00   6.71634722e+00]
  [ -2.82850480e+00   6.77598572e+00]
  [ -2.80927467e+00   6.80856466e+00]
  ..., 
  [  2.53395700e+00   6.73572016e+00]
  [  2.70641065e+00   6.55486155e+00]
  [  2.93832922e+00   6.32133865e+00]]]",0.350117756889,,,,11.3901547696,,4.07209444046
5.706e+11,"[[[ -3.67234793e-06  -8.48996024e-07]
  [ -3.18819275e-06  -7.41001429e-07]
  [ -3.54855842e-06  -5.48414732e-07]
  ..., 
  [  7.96026313e-07  -1.55099698e-07]
  [ -4.71793271e-08  -1.94654408e-08]
  [ -3.00138566e-07   6.88501842e-08]]

 [[ -4.02097658e-06  -1.04711864e-06]
  [ -3.55642442e-06  -9.04646697e-07]
  [ -3.96938549e-06  -7.17778676e-07]
  ..., 
  [  1.00778311e-06  -7.03444343e-08]
  [ -3.70378856e-08   5.27118331e-08]
  [ -2.94395306e-07   1.54952303e-07]]

 [[ -4.01795842e-06  -1.18073262e-06]
  [ -3.57244608e-06  -9.79856623e-07]
  [ -3.84909117e-06  -7.14765122e-07]
  ..., 
  [  1.07474511e-06  -3.69333630e-09]
  [ -4.32588863e-08   1.37121575e-07]
  [ -2.96040071e-07   2.62704276e-07]]

 ..., 
 [[ -3.69363880e+00   2.23546433e+00]
  [ -3.80233121e+00   2.28543520e+00]
  [ -3.89320970e+00   2.42300606e+00]
  ..., 
  [  1.10302299e-01   4.42790604e+00]
  [  8.60598683e-02   4.21990871e+00]
  [  3.22911441e-01   4.07952642e+00]]

 [[ -3.48825979e+00   2.16379476e+00]
  [ -3.54847455e+00   2.15417075e+00]
  [ -3.63904047e+00   2.32958436e+00]
  ..., 
  [ -1.35891572e-01   4.26591206e+00]
  [ -1.49599522e-01   4.00605679e+00]
  [  1.02159373e-01   3.77954793e+00]]

 [[ -3.13570976e+00   2.07924819e+00]
  [ -3.15238214e+00   2.17880702e+00]
  [ -3.17134190e+00   2.44626355e+00]
  ..., 
  [ -2.97222257e-01   4.05972815e+00]
  [ -2.94280112e-01   3.82912731e+00]
  [ -2.43764780e-02   3.55181170e+00]]]",0.365910780536,,,,10.5711955346,,4.08723449707
5.707e+11,"[[[  1.42908436e-06   1.59744525e-06]
  [  1.05269135e-06   1.61059654e-06]
  [  1.23648454e-06   1.38077780e-06]
  ..., 
  [ -4.06507439e-07   1.55999726e-06]
  [ -3.39909207e-07   1.13080330e-06]
  [ -7.82130982e-08   9.52444054e-07]]

 [[  1.25369638e-06   1.69709324e-06]
  [  9.84230155e-07   1.72399257e-06]
  [  1.30611147e-06   1.50531525e-06]
  ..., 
  [ -3.25439828e-07   1.61516743e-06]
  [ -2.42121416e-07   1.17020318e-06]
  [ -5.33120614e-09   9.87012299e-07]]

 [[  4.83681220e-07   1.81208804e-06]
  [  2.47103486e-07   1.76061644e-06]
  [  7.01843760e-07   1.41821454e-06]
  ..., 
  [ -2.68600360e-07   1.57098771e-06]
  [ -1.93007438e-07   1.15414764e-06]
  [  1.48932360e-08   9.50419349e-07]]

 ..., 
 [[ -2.50738645e+00   6.80095148e+00]
  [ -2.40418291e+00   6.80888891e+00]
  [ -2.48728609e+00   6.86847448e+00]
  ..., 
  [  2.22697258e+00   6.28399134e+00]
  [  2.45951557e+00   6.03980064e+00]
  [  2.54106688e+00   5.66064024e+00]]

 [[ -2.42823124e+00   6.69171476e+00]
  [ -2.32935429e+00   6.71664000e+00]
  [ -2.42838478e+00   6.79660082e+00]
  ..., 
  [  2.20723963e+00   6.22681475e+00]
  [  2.45043707e+00   5.96255302e+00]
  [  2.53013992e+00   5.55190706e+00]]

 [[ -2.33928204e+00   6.50811815e+00]
  [ -2.24449801e+00   6.53663731e+00]
  [ -2.36000967e+00   6.64123774e+00]
  ..., 
  [  2.11351418e+00   5.76794004e+00]
  [  2.32534075e+00   5.45270205e+00]
  [  2.36687398e+00   4.96883869e+00]]]",0.341966840373,,,,10.1596421733,,4.09278726578
5.708e+11,"[[[ -2.90253837e-07   1.95078854e-07]
  [ -2.88496352e-07   2.21058997e-07]
  [ -2.71915098e-07   2.27169068e-07]
  ..., 
  [  4.87841180e-06   1.55672546e-06]
  [  5.83248675e-06   1.54821112e-06]
  [  5.83996325e-06   2.22689459e-06]]

 [[ -1.23024165e-07   9.67450831e-08]
  [ -1.25087510e-07   1.09083977e-07]
  [ -7.89438914e-08   1.08970369e-07]
  ..., 
  [  4.77458525e-06   1.62726974e-06]
  [  5.96807013e-06   1.63536458e-06]
  [  6.01703141e-06   2.37237350e-06]]

 [[  2.80700704e-07  -4.66846695e-09]
  [  2.83862647e-07   2.38548914e-09]
  [  4.05218174e-07   2.30704895e-08]
  ..., 
  [  5.23137760e-06   1.70726719e-06]
  [  6.51049777e-06   1.71270733e-06]
  [  6.52313747e-06   2.46771447e-06]]

 ..., 
 [[ -2.82300019e+00   6.72093248e+00]
  [ -2.73074627e+00   6.67353439e+00]
  [ -2.81191087e+00   6.69266558e+00]
  ..., 
  [  2.16101718e+00   5.94951677e+00]
  [  2.52494168e+00   5.89036798e+00]
  [  2.79768896e+00   5.90053368e+00]]

 [[ -2.72850537e+00   6.64617920e+00]
  [ -2.63142276e+00   6.58262014e+00]
  [ -2.74224138e+00   6.62014008e+00]
  ..., 
  [  2.08291721e+00   5.89960146e+00]
  [  2.44720650e+00   5.80354691e+00]
  [  2.69606972e+00   5.73081446e+00]]

 [[ -2.61185479e+00   6.50559425e+00]
  [ -2.49908280e+00   6.44712973e+00]
  [ -2.64417267e+00   6.46713543e+00]
  ..., 
  [  2.00108147e+00   5.64618301e+00]
  [  2.30634332e+00   5.51907444e+00]
  [  2.52049589e+00   5.35640621e+00]]]",0.334997309388,,,,9.74820720576,,4.09744501114
5.709e+11,"[[[ -1.26138139e-06  -1.02278545e-06]
  [ -1.61414982e-06  -1.02446461e-06]
  [ -1.64679591e-06  -9.24458675e-07]
  ..., 
  [  5.35506342e-06   1.35608661e-06]
  [  5.50278037e-06   1.03545324e-06]
  [  6.10456891e-06   8.70316001e-07]]

 [[ -1.10958445e-06  -1.07622316e-06]
  [ -1.55552584e-06  -1.04352807e-06]
  [ -1.72861178e-06  -9.46739988e-07]
  ..., 
  [  6.04845718e-06   1.43994293e-06]
  [  6.17174874e-06   1.20015625e-06]
  [  7.05682532e-06   1.11331155e-06]]

 [[ -5.29348540e-07  -1.24686369e-06]
  [ -9.91119350e-07  -1.10189853e-06]
  [ -1.37238067e-06  -9.04602530e-07]
  ..., 
  [  8.31158741e-06   2.86517547e-07]
  [  8.42176814e-06   1.32513065e-07]
  [  9.29541511e-06   1.58291954e-07]]

 ..., 
 [[ -3.01951146e+00   7.03271008e+00]
  [ -2.99287701e+00   7.08739662e+00]
  [ -2.95953798e+00   7.10831642e+00]
  ..., 
  [  2.72116566e+00   6.55786371e+00]
  [  2.82761335e+00   6.36433220e+00]
  [  3.03432941e+00   6.19895315e+00]]

 [[ -2.97277689e+00   6.97015476e+00]
  [ -2.94514608e+00   7.02933407e+00]
  [ -2.91198039e+00   7.05403566e+00]
  ..., 
  [  2.53028607e+00   6.42970181e+00]
  [  2.63850427e+00   6.21686983e+00]
  [  2.85448480e+00   5.99488735e+00]]

 [[ -2.88779140e+00   6.80342865e+00]
  [ -2.85754156e+00   6.87046909e+00]
  [ -2.81500077e+00   6.89387083e+00]
  ..., 
  [  2.20237684e+00   6.06954527e+00]
  [  2.29830551e+00   5.84900904e+00]
  [  2.50546050e+00   5.56262684e+00]]]",0.340498473431,,,,9.33478822753,,4.09761857986
5.71e+11,"[[[  1.04369860e-06   1.65814265e-06]
  [  1.24821270e-06   1.94997483e-06]
  [  1.41807641e-06   2.26222573e-06]
  ..., 
  [  1.78782818e-06  -2.28816305e-07]
  [  2.17443903e-06  -3.35303639e-07]
  [  2.38725374e-06  -3.79480014e-07]]

 [[  1.14659929e-06   1.69818520e-06]
  [  1.32759874e-06   1.95456414e-06]
  [  1.50229710e-06   2.27391592e-06]
  ..., 
  [  1.88073818e-06  -3.57190601e-07]
  [  2.25796452e-06  -4.48824352e-07]
  [  2.45900310e-06  -5.04189529e-07]]

 [[  1.16752358e-06   1.67196561e-06]
  [  1.32432626e-06   1.90608966e-06]
  [  1.47031074e-06   2.19347316e-06]
  ..., 
  [  1.92322159e-06  -4.59220956e-07]
  [  2.30152500e-06  -5.53722828e-07]
  [  2.49079153e-06  -6.26063809e-07]]

 ..., 
 [[ -3.33025479e+00   6.68702030e+00]
  [ -3.28262949e+00   6.80197334e+00]
  [ -3.22016120e+00   6.81386852e+00]
  ..., 
  [  2.98283172e+00   5.69259882e+00]
  [  2.98670721e+00   5.56199312e+00]
  [  3.00602603e+00   5.47026157e+00]]

 [[ -3.21684718e+00   6.43468761e+00]
  [ -3.19274163e+00   6.57409859e+00]
  [ -3.15634441e+00   6.61379147e+00]
  ..., 
  [  2.80463099e+00   5.33872652e+00]
  [  2.80098939e+00   5.19962072e+00]
  [  2.79184103e+00   5.09658909e+00]]

 [[ -2.92524028e+00   5.86006689e+00]
  [ -2.93870401e+00   6.01476860e+00]
  [ -2.91451526e+00   6.07633972e+00]
  ..., 
  [  2.60536289e+00   5.01845264e+00]
  [  2.61008549e+00   4.87711334e+00]
  [  2.58620119e+00   4.76429367e+00]]]",0.348693259425,,,,8.92202001176,,4.10196256638
5.712e+11,"[[[ -2.26091720e-06   3.93456929e-07]
  [ -1.95070925e-06   3.64449761e-07]
  [ -1.81458256e-06   2.09986240e-07]
  ..., 
  [ -1.10491931e-06   9.13801728e-07]
  [ -3.07249536e-07   7.17309547e-07]
  [ -2.47169993e-07   7.83041685e-07]]

 [[ -1.71969771e-06   3.22201487e-07]
  [ -1.39883741e-06   2.64802225e-07]
  [ -1.28888678e-06   1.18466723e-07]
  ..., 
  [ -1.28695149e-06   8.77449679e-07]
  [ -2.89488042e-07   6.93018478e-07]
  [ -2.03218605e-07   7.65099287e-07]]

 [[ -6.79562390e-07   4.06808084e-07]
  [ -2.44165875e-07   3.50738077e-07]
  [ -1.33901381e-07   2.20758849e-07]
  ..., 
  [ -1.33637036e-06   8.58176861e-07]
  [ -2.66727028e-07   6.55978681e-07]
  [ -1.74753012e-07   7.17397427e-07]]

 ..., 
 [[ -2.10936046e+00   6.51979923e+00]
  [ -2.03190565e+00   6.54096603e+00]
  [ -2.13136220e+00   6.61077690e+00]
  ..., 
  [  2.31492043e+00   6.17623377e+00]
  [  2.54359126e+00   5.95172977e+00]
  [  2.87887812e+00   5.57710123e+00]]

 [[ -2.04022264e+00   6.41001463e+00]
  [ -1.95651305e+00   6.44418669e+00]
  [ -2.07671690e+00   6.53220415e+00]
  ..., 
  [  2.23111606e+00   6.12738180e+00]
  [  2.45810270e+00   5.89463568e+00]
  [  2.79011512e+00   5.48511982e+00]]

 [[ -1.96807158e+00   6.20601559e+00]
  [ -1.87899280e+00   6.25565910e+00]
  [ -2.02490067e+00   6.36412668e+00]
  ..., 
  [  2.12802958e+00   5.98219728e+00]
  [  2.34004664e+00   5.72678566e+00]
  [  2.62126493e+00   5.25562286e+00]]]",0.343619066428,,,,8.09352681761,,4.10895872116
5.713e+11,"[[[  1.51556515e-06   2.02198251e-07]
  [  1.52871712e-06   2.26719592e-07]
  [  1.54213819e-06   2.81123562e-07]
  ..., 
  [  8.42516044e-07  -1.95241441e-07]
  [  3.35804913e-08  -1.10696057e-08]
  [ -1.38692489e-08   5.52832624e-09]]

 [[  1.27980240e-06   2.38418664e-07]
  [  1.28690976e-06   2.65050346e-07]
  [  1.30144247e-06   3.23008578e-07]
  ..., 
  [  1.05802826e-06  -1.80234579e-07]
  [  5.77691743e-08  -8.56632365e-09]
  [ -1.26790010e-08   5.74132253e-09]]

 [[  1.15722185e-06   2.51310951e-07]
  [  1.16053229e-06   2.81584363e-07]
  [  1.16556123e-06   3.34387352e-07]
  ..., 
  [  1.12595103e-06  -2.00102193e-07]
  [  5.43924585e-08  -7.10403647e-09]
  [ -2.37616593e-08   1.41658658e-08]]

 ..., 
 [[ -2.69358611e+00   6.55427504e+00]
  [ -2.57193756e+00   6.50438929e+00]
  [ -2.67684436e+00   6.55096245e+00]
  ..., 
  [  2.35309267e+00   6.25015497e+00]
  [  2.52824235e+00   6.10688829e+00]
  [  2.83083701e+00   6.08995867e+00]]

 [[ -2.56970191e+00   6.41819429e+00]
  [ -2.43880415e+00   6.35913801e+00]
  [ -2.58806133e+00   6.43607998e+00]
  ..., 
  [  2.24007750e+00   6.12874365e+00]
  [  2.44960284e+00   5.97269058e+00]
  [  2.77918220e+00   5.93623304e+00]]

 [[ -2.36959267e+00   6.29257107e+00]
  [ -2.21262813e+00   6.22994566e+00]
  [ -2.43966317e+00   6.32131863e+00]
  ..., 
  [  2.12513638e+00   5.90307474e+00]
  [  2.36761093e+00   5.77672863e+00]
  [  2.67543435e+00   5.64918518e+00]]]",0.347137626408,,,,7.67815834178,,4.11438417435
5.714e+11,"[[[  1.37588506e-06   6.54851590e-07]
  [  1.38964378e-06   8.27310259e-07]
  [  1.03000389e-06   9.31758393e-07]
  ..., 
  [ -2.40686609e-06   2.54397321e-07]
  [ -2.05259425e-06   2.45171606e-07]
  [ -2.24819541e-06   2.85023361e-07]]

 [[  1.43812053e-06   9.33958347e-07]
  [  1.49103198e-06   1.13930844e-06]
  [  1.11595432e-06   1.36328367e-06]
  ..., 
  [ -2.69908378e-06   2.84843139e-07]
  [ -2.14585248e-06   2.94085794e-07]
  [ -2.31096715e-06   3.38863231e-07]]

 [[  7.58101976e-07   1.16089973e-06]
  [  7.48670857e-07   1.32352602e-06]
  [  5.06276763e-07   1.46638820e-06]
  ..., 
  [ -2.78923812e-06   3.12286261e-07]
  [ -2.16837520e-06   3.13100543e-07]
  [ -2.31705735e-06   3.57694177e-07]]

 ..., 
 [[ -3.38466311e+00   6.76347685e+00]
  [ -3.35512686e+00   6.83666706e+00]
  [ -3.29086781e+00   6.88150120e+00]
  ..., 
  [  2.96581841e+00   6.46675444e+00]
  [  3.03454757e+00   6.25472260e+00]
  [  3.23482227e+00   6.07112217e+00]]

 [[ -3.34738755e+00   6.68442678e+00]
  [ -3.32170510e+00   6.75627708e+00]
  [ -3.26037240e+00   6.79994822e+00]
  ..., 
  [  2.81664419e+00   6.33541393e+00]
  [  2.88077092e+00   6.12441730e+00]
  [  3.11222792e+00   5.91367579e+00]]

 [[ -3.29534674e+00   6.57664347e+00]
  [ -3.26481843e+00   6.64763165e+00]
  [ -3.19330001e+00   6.69131517e+00]
  ..., 
  [  2.59678888e+00   6.07075071e+00]
  [  2.64452052e+00   5.90518951e+00]
  [  2.89927721e+00   5.69891500e+00]]]",0.345514928823,,,,7.26295768205,,4.11836767197
5.715e+11,"[[[ -2.56448562e-13   1.63626504e-13]
  [ -2.35347251e-13   1.62888027e-13]
  [ -2.30082719e-07   1.50670544e-07]
  ..., 
  [ -2.72691386e-06  -2.74019072e-07]
  [ -2.58989508e-06  -1.59715000e-07]
  [ -2.34873505e-06  -2.14565077e-07]]

 [[  2.54678275e-11  -1.39722366e-11]
  [  2.63139718e-11  -1.36254090e-11]
  [ -2.14891713e-07   1.55984083e-07]
  ..., 
  [ -3.31045544e-06  -1.30822343e-07]
  [ -3.17715808e-06  -4.41893775e-08]
  [ -2.84121552e-06  -1.16488508e-07]]

 [[  1.19567556e-09  -1.57953939e-09]
  [  1.17996146e-09  -1.60359526e-09]
  [ -1.93834111e-07   1.48190537e-07]
  ..., 
  [ -3.29804175e-06  -8.64713030e-08]
  [ -3.17873219e-06  -1.59458846e-08]
  [ -2.80684344e-06  -8.86596538e-08]]

 ..., 
 [[ -3.23655057e+00   6.97132492e+00]
  [ -3.21396542e+00   6.96765995e+00]
  [ -3.12890196e+00   6.92506361e+00]
  ..., 
  [  2.93358302e+00   6.23829269e+00]
  [  3.11726165e+00   6.18421221e+00]
  [  3.29504633e+00   6.14643431e+00]]

 [[ -3.15929294e+00   6.71437597e+00]
  [ -3.14974427e+00   6.68872595e+00]
  [ -3.07299399e+00   6.62194729e+00]
  ..., 
  [  2.79475260e+00   5.82566643e+00]
  [  2.96953440e+00   5.72557926e+00]
  [  3.11313057e+00   5.71297932e+00]]

 [[ -3.10154867e+00   6.41102791e+00]
  [ -3.10064554e+00   6.39122915e+00]
  [ -3.01527882e+00   6.32489824e+00]
  ..., 
  [  2.53571177e+00   5.24197769e+00]
  [  2.77663255e+00   5.17901897e+00]
  [  2.91480279e+00   5.21226025e+00]]]",0.355462963424,,,,6.84690603844,,4.12124490738
5.717e+11,"[[[ -1.15935745e-06   2.09132736e-06]
  [ -9.56739314e-07   2.65839481e-06]
  [ -1.09582390e-06   2.81386406e-06]
  ..., 
  [ -5.67577842e-12   9.32884087e-13]
  [ -3.40533634e-12   7.24908902e-13]
  [ -2.59104283e-12   5.85231245e-13]]

 [[ -6.21155948e-07   1.77775735e-06]
  [ -5.90346474e-07   2.31115087e-06]
  [ -8.57181021e-07   2.54942825e-06]
  ..., 
  [ -1.15866622e-11   1.47313054e-12]
  [ -6.81889658e-12   1.27893171e-12]
  [ -5.38476642e-12   1.12208311e-12]]

 [[ -2.40582011e-07   1.32504749e-06]
  [ -3.61708857e-07   1.77731374e-06]
  [ -7.39277880e-07   2.06196296e-06]
  ..., 
  [ -3.04896802e-11   1.91401027e-11]
  [ -2.14409809e-11   1.54034719e-11]
  [ -1.46256063e-11   1.23208570e-11]]

 ..., 
 [[ -2.39657640e+00   6.59744406e+00]
  [ -2.33945990e+00   6.61096954e+00]
  [ -2.38744926e+00   6.65791988e+00]
  ..., 
  [  2.16658926e+00   6.37643576e+00]
  [  2.17734981e+00   6.14842176e+00]
  [  2.32277751e+00   5.85326052e+00]]

 [[ -2.27058220e+00   6.48063850e+00]
  [ -2.22751522e+00   6.50029612e+00]
  [ -2.29486012e+00   6.55821848e+00]
  ..., 
  [  2.05025959e+00   6.29006767e+00]
  [  2.07691550e+00   6.07584715e+00]
  [  2.23488092e+00   5.76565123e+00]]

 [[ -2.16953063e+00   6.25507927e+00]
  [ -2.13654160e+00   6.29940844e+00]
  [ -2.23625541e+00   6.38544416e+00]
  ..., 
  [  2.05163717e+00   6.30998707e+00]
  [  2.06900072e+00   6.09496975e+00]
  [  2.23318458e+00   5.75505829e+00]]]",0.357289152916,,,,6.01626689487,,4.12331056595
5.718e+11,"[[[ -3.87577575e-06   1.30613060e-07]
  [ -3.70872453e-06   6.15450091e-08]
  [ -3.31741103e-06  -7.96558766e-08]
  ..., 
  [  1.23992777e-06  -4.84517216e-07]
  [ -8.71938610e-09  -2.52948013e-07]
  [ -6.87199872e-07  -1.42153709e-07]]

 [[ -4.05848505e-06   9.19569914e-08]
  [ -3.85398607e-06  -5.09559399e-08]
  [ -3.38384530e-06  -3.19965267e-07]
  ..., 
  [  1.36400661e-06  -5.09308848e-07]
  [ -3.29827344e-07  -2.49974136e-07]
  [ -1.22533231e-06  -1.28498797e-07]]

 [[ -3.52603615e-06   1.30359396e-07]
  [ -3.27444036e-06  -2.40597977e-08]
  [ -2.80112840e-06  -2.95746986e-07]
  ..., 
  [  1.32230571e-06  -4.36700390e-07]
  [ -6.57342753e-07  -1.44133708e-07]
  [ -1.65222605e-06   4.34105057e-10]]

 ..., 
 [[ -2.29389739e+00   6.61607409e+00]
  [ -2.14189887e+00   6.66786623e+00]
  [ -2.30702734e+00   6.76699114e+00]
  ..., 
  [  1.84908795e+00   5.99548340e+00]
  [  2.04113841e+00   5.82078171e+00]
  [  2.29687548e+00   5.60735703e+00]]

 [[ -2.17465019e+00   6.54643583e+00]
  [ -2.00376439e+00   6.59105349e+00]
  [ -2.22027063e+00   6.67702675e+00]
  ..., 
  [  1.70394123e+00   5.83748484e+00]
  [  1.87711108e+00   5.63409996e+00]
  [  2.10046220e+00   5.37561369e+00]]

 [[ -1.94791198e+00   6.17486525e+00]
  [ -1.76938128e+00   6.22378635e+00]
  [ -2.07615423e+00   6.37099743e+00]
  ..., 
  [  1.56828904e+00   5.63890123e+00]
  [  1.74109232e+00   5.42959642e+00]
  [  1.97509754e+00   5.12521172e+00]]]",0.354917183376,,,,5.60225583065,,4.12314319611
5.719e+11,"[[[ -1.81459632e-12   1.38279836e-13]
  [ -1.80700355e-12   4.62810806e-14]
  [ -1.82783476e-12  -1.14406070e-13]
  ..., 
  [ -7.05931370e-07   6.91863420e-07]
  [  5.45306989e-07   5.86717135e-07]
  [  1.11913471e-06   6.63784363e-07]]

 [[ -1.73620439e-12   1.25546912e-13]
  [ -1.80689632e-12   1.27332173e-13]
  [ -1.83335291e-12  -6.79931778e-14]
  ..., 
  [ -8.34580590e-07   7.58137844e-07]
  [  8.72266980e-07   6.43071587e-07]
  [  1.63438517e-06   7.40175267e-07]]

 [[ -1.48946914e-12   2.77404347e-13]
  [ -1.73787905e-12   2.39673190e-13]
  [ -1.80309175e-12  -2.00630392e-14]
  ..., 
  [ -7.88307204e-07   7.10204290e-07]
  [  1.19857145e-06   5.80935989e-07]
  [  2.03091395e-06   6.76059301e-07]]

 ..., 
 [[ -3.48504663e+00   6.51341963e+00]
  [ -3.43742490e+00   6.58380508e+00]
  [ -3.31354833e+00   6.65335751e+00]
  ..., 
  [  3.00840664e+00   5.99901438e+00]
  [  3.04552722e+00   5.74531984e+00]
  [  3.14321518e+00   5.48932552e+00]]

 [[ -3.46024680e+00   6.45856285e+00]
  [ -3.42398596e+00   6.50850248e+00]
  [ -3.34016371e+00   6.55998659e+00]
  ..., 
  [  2.82041073e+00   5.74619198e+00]
  [  2.85592890e+00   5.48220587e+00]
  [  2.95710111e+00   5.17292261e+00]]

 [[ -3.37760162e+00   6.32430983e+00]
  [ -3.34582400e+00   6.35654449e+00]
  [ -3.27939677e+00   6.40529060e+00]
  ..., 
  [  2.57868409e+00   5.51074266e+00]
  [  2.60011315e+00   5.28782606e+00]
  [  2.69305682e+00   4.94048166e+00]]]",0.349947336467,,,,5.18398307442,,4.1261510849
5.72e+11,"[[[  4.08982632e-16   2.90990482e-15]
  [  1.60104950e-16   3.07977008e-15]
  [  3.82954819e-16   3.43960598e-15]
  ..., 
  [ -4.24033914e-07  -5.89269824e-08]
  [ -3.60846997e-07  -4.00601863e-08]
  [ -3.34631721e-07  -5.34584537e-08]]

 [[  2.48225953e-14   3.76432690e-14]
  [  2.12656295e-14   3.69192016e-14]
  [  2.28116035e-14   3.87838565e-14]
  ..., 
  [ -4.19042834e-07  -7.69075470e-08]
  [ -3.59838879e-07  -5.59528530e-08]
  [ -3.35739770e-07  -7.40195816e-08]]

 [[  1.92186721e-13   1.80583345e-13]
  [  1.73465598e-13   1.74596774e-13]
  [  1.54926243e-13   1.58126469e-13]
  ..., 
  [ -4.24586148e-07  -9.24585990e-08]
  [ -3.67337208e-07  -7.09028853e-08]
  [ -3.41492836e-07  -9.02426791e-08]]

 ..., 
 [[ -2.54067898e+00   5.72134161e+00]
  [ -2.49019837e+00   5.76899624e+00]
  [ -2.44147730e+00   5.87557077e+00]
  ..., 
  [  2.53123689e+00   6.04248953e+00]
  [  2.48383594e+00   5.92495632e+00]
  [  2.33674407e+00   5.72421980e+00]]

 [[ -2.34934711e+00   5.29754448e+00]
  [ -2.30145144e+00   5.37868071e+00]
  [ -2.26091266e+00   5.53120422e+00]
  ..., 
  [  2.39494538e+00   5.92918158e+00]
  [  2.31720519e+00   5.79337883e+00]
  [  2.13959098e+00   5.55432510e+00]]

 [[ -2.14722466e+00   4.77824497e+00]
  [ -2.11187863e+00   4.93920326e+00]
  [ -2.09802008e+00   5.18194866e+00]
  ..., 
  [  2.21954942e+00   5.71835661e+00]
  [  2.08588219e+00   5.52322006e+00]
  [  1.84766757e+00   5.20151186e+00]]]",0.352844503151,,,,4.76721411298,,4.12656641006
5.721e+11,"[[[  9.33051012e-07   1.09247117e-06]
  [  1.20015488e-06   1.31336481e-06]
  [  8.23191783e-07   1.46863124e-06]
  ..., 
  [  2.65450990e-06   4.06573918e-07]
  [  2.65668882e-06   2.40587610e-07]
  [  2.78249422e-06   2.26888929e-07]]

 [[  8.32093804e-07   1.28922295e-06]
  [  1.16403658e-06   1.51181609e-06]
  [  7.72765588e-07   1.77006928e-06]
  ..., 
  [  3.30693865e-06   3.33561616e-07]
  [  3.33116282e-06   1.80494567e-07]
  [  3.43137549e-06   1.76130655e-07]]

 [[  6.13659211e-07   1.53428971e-06]
  [  8.86105624e-07   1.69832060e-06]
  [  7.26592191e-07   1.88314766e-06]
  ..., 
  [  3.71244096e-06   4.61341102e-07]
  [  3.74186243e-06   3.04660517e-07]
  [  3.82964481e-06   3.08142546e-07]]

 ..., 
 [[ -2.84576559e+00   6.88414240e+00]
  [ -2.81939650e+00   6.85548258e+00]
  [ -2.74109912e+00   6.79168558e+00]
  ..., 
  [  2.65339875e+00   6.66152143e+00]
  [  2.70193076e+00   6.63500547e+00]
  [  2.84363675e+00   6.61863708e+00]]

 [[ -2.76723909e+00   6.69496775e+00]
  [ -2.74882126e+00   6.65588903e+00]
  [ -2.66536427e+00   6.57692146e+00]
  ..., 
  [  2.59003925e+00   6.43684101e+00]
  [  2.64472556e+00   6.40429401e+00]
  [  2.77432179e+00   6.39372635e+00]]

 [[ -2.68027234e+00   6.23883533e+00]
  [ -2.66214132e+00   6.19531393e+00]
  [ -2.55137849e+00   6.10890293e+00]
  ..., 
  [  2.53201604e+00   6.06593323e+00]
  [  2.59868526e+00   5.97940969e+00]
  [  2.70128870e+00   5.90307760e+00]]]",0.377724763926,,,,4.34794271818,,4.12858390808
5.722e+11,"[[[ -1.88959586e-06  -8.56610143e-07]
  [ -2.22268318e-06  -9.33576871e-07]
  [ -2.49827167e-06  -9.78010235e-07]
  ..., 
  [  4.24024449e-07   5.89305387e-08]
  [  3.61451669e-07   4.00261868e-08]
  [  3.41130402e-07   5.25731458e-08]]

 [[ -3.00169631e-06  -7.99657869e-07]
  [ -3.28105807e-06  -8.34542334e-07]
  [ -3.51610038e-06  -9.06754963e-07]
  ..., 
  [  4.19024360e-07   7.69126487e-08]
  [  3.60418738e-07   5.59250566e-08]
  [  3.42041830e-07   7.30464720e-08]]

 [[ -4.04052298e-06  -8.44964745e-07]
  [ -4.41076509e-06  -8.76449292e-07]
  [ -4.59579269e-06  -9.56875056e-07]
  ..., 
  [  4.24524785e-07   9.24998957e-08]
  [  3.67887736e-07   7.09008745e-08]
  [  3.47840995e-07   8.90693954e-08]]

 ..., 
 [[ -2.32312226e+00   6.33190107e+00]
  [ -2.37311792e+00   6.46941519e+00]
  [ -2.48099160e+00   6.56800270e+00]
  ..., 
  [  2.66589451e+00   6.61558580e+00]
  [  2.82376599e+00   6.60785818e+00]
  [  3.08707070e+00   6.55541754e+00]]

 [[ -2.19046378e+00   6.12348175e+00]
  [ -2.24567509e+00   6.30705166e+00]
  [ -2.38683438e+00   6.45610094e+00]
  ..., 
  [  2.54133296e+00   6.45086288e+00]
  [  2.69614363e+00   6.43243408e+00]
  [  2.95901227e+00   6.34937096e+00]]

 [[ -2.06752634e+00   5.88521433e+00]
  [ -2.11700439e+00   6.10706234e+00]
  [ -2.29727769e+00   6.29781914e+00]
  ..., 
  [  2.39372826e+00   6.25777864e+00]
  [  2.53140545e+00   6.22261190e+00]
  [  2.78656149e+00   6.10866642e+00]]]",0.373157261673,,,,3.93013325357,,4.12848329544
5.724e+11,"[[[  1.43569977e-07   5.49542960e-07]
  [  1.56395856e-07   5.71061150e-07]
  [  2.77610468e-07   5.25159180e-07]
  ..., 
  [  7.03777459e-07  -4.74044697e-07]
  [ -4.94366191e-07  -2.22030337e-07]
  [ -1.02954812e-06  -1.31095291e-07]]

 [[  7.92236278e-07   5.30572436e-07]
  [  7.42646364e-07   5.25855683e-07]
  [  8.43216810e-07   5.06692857e-07]
  ..., 
  [  8.33705258e-07  -5.12275392e-07]
  [ -8.14964665e-07  -2.28257989e-07]
  [ -1.52743371e-06  -1.34877453e-07]]

 [[  1.24978158e-06   5.76280115e-07]
  [  1.21878384e-06   5.59123691e-07]
  [  1.29864213e-06   5.38446386e-07]
  ..., 
  [  7.84369092e-07  -4.49154385e-07]
  [ -1.15245268e-06  -1.29128864e-07]
  [ -1.94848349e-06  -1.36006424e-08]]

 ..., 
 [[ -3.13859439e+00   5.95936489e+00]
  [ -3.09055471e+00   6.07768393e+00]
  [ -2.99549317e+00   6.18680334e+00]
  ..., 
  [  2.44669628e+00   5.86488390e+00]
  [  2.56792688e+00   5.72259760e+00]
  [  2.54717159e+00   5.56912327e+00]]

 [[ -3.12355733e+00   5.83234167e+00]
  [ -3.09595323e+00   5.95114279e+00]
  [ -3.02298856e+00   6.05614090e+00]
  ..., 
  [  2.28356624e+00   5.46351337e+00]
  [  2.41607976e+00   5.27545547e+00]
  [  2.40680003e+00   5.06258869e+00]]

 [[ -3.07981062e+00   5.62273073e+00]
  [ -3.06816101e+00   5.70680809e+00]
  [ -3.01092124e+00   5.77857924e+00]
  ..., 
  [  2.12973142e+00   5.10420036e+00]
  [  2.24649763e+00   4.93628979e+00]
  [  2.27989292e+00   4.67336607e+00]]]",0.369623445189,,,,3.09177649718,,4.13207483292
5.725e+11,"[[[  3.72756858e-06   5.20108827e-08]
  [  3.85845442e-06   1.28871150e-07]
  [  3.55791212e-06   2.08805062e-07]
  ..., 
  [  2.77262734e-06   6.84218605e-07]
  [  4.06730396e-06   2.58380737e-07]
  [  4.74810849e-06   7.70532154e-08]]

 [[  3.81902510e-06  -1.02382840e-08]
  [  3.89435627e-06   9.50506802e-08]
  [  3.49365655e-06   2.59670600e-07]
  ..., 
  [  3.76211528e-06   6.14470139e-07]
  [  5.50141112e-06   1.54926710e-07]
  [  6.30966133e-06  -3.07667882e-08]]

 [[  3.29385853e-06  -1.07495886e-07]
  [  3.34979723e-06  -2.48316585e-08]
  [  2.93784228e-06   1.18775596e-07]
  ..., 
  [  4.22634321e-06   5.42090845e-07]
  [  6.23621372e-06   4.17322497e-08]
  [  7.08018206e-06  -1.84971000e-07]]

 ..., 
 [[ -3.20633364e+00   5.96744776e+00]
  [ -3.12419128e+00   5.89764404e+00]
  [ -3.10835314e+00   5.91590786e+00]
  ..., 
  [  2.57720780e+00   6.24349260e+00]
  [  2.61298561e+00   6.16533947e+00]
  [  2.63590860e+00   6.01292706e+00]]

 [[ -2.96431208e+00   5.51942253e+00]
  [ -2.89506960e+00   5.53018856e+00]
  [ -2.89640212e+00   5.61582804e+00]
  ..., 
  [  2.37515473e+00   6.06800747e+00]
  [  2.40907598e+00   5.99641466e+00]
  [  2.41470146e+00   5.81558943e+00]]

 [[ -2.62747622e+00   4.93449116e+00]
  [ -2.57436967e+00   4.99836636e+00]
  [ -2.57962775e+00   5.11625051e+00]
  ..., 
  [  2.12645292e+00   5.81006622e+00]
  [  2.15364718e+00   5.77044868e+00]
  [  2.13960481e+00   5.57033777e+00]]]",0.38205731164,,,,2.67211097268,,4.13312387466
5.726e+11,"[[[ -1.30312867e-06   4.57572071e-07]
  [ -1.25573433e-06   6.97674182e-07]
  [ -1.57520594e-06   8.66439962e-07]
  ..., 
  [ -2.58685441e-06  -4.78900262e-08]
  [ -2.62712138e-06   5.89460676e-08]
  [ -2.73928163e-06   9.95700162e-08]]

 [[ -1.15111777e-06   5.14416854e-07]
  [ -1.08140364e-06   7.80256471e-07]
  [ -1.42174133e-06   9.71186751e-07]
  ..., 
  [ -3.16502178e-06   1.23869171e-07]
  [ -3.19457286e-06   1.96290898e-07]
  [ -3.26809641e-06   2.43582377e-07]]

 [[ -6.40284725e-07   7.27647262e-07]
  [ -5.50189782e-07   1.00300815e-06]
  [ -7.86472469e-07   1.16274282e-06]
  ..., 
  [ -3.14854492e-06   1.96202450e-07]
  [ -3.17998183e-06   2.54660620e-07]
  [ -3.23220411e-06   3.21882709e-07]]

 ..., 
 [[ -2.76731849e+00   7.20921946e+00]
  [ -2.77458739e+00   7.18938732e+00]
  [ -2.74925876e+00   7.15163183e+00]
  ..., 
  [  2.36640882e+00   5.84855509e+00]
  [  2.52706623e+00   5.90117455e+00]
  [  2.67524624e+00   5.79752302e+00]]

 [[ -2.67195845e+00   7.10761452e+00]
  [ -2.68673086e+00   7.09970379e+00]
  [ -2.67152739e+00   7.06510448e+00]
  ..., 
  [  2.22566533e+00   5.50552368e+00]
  [  2.34628749e+00   5.51675749e+00]
  [  2.44487929e+00   5.38930464e+00]]

 [[ -2.50331020e+00   6.74858236e+00]
  [ -2.52835560e+00   6.73677158e+00]
  [ -2.51626229e+00   6.68873882e+00]
  ..., 
  [  2.03644347e+00   5.06548071e+00]
  [  2.13103819e+00   4.98188543e+00]
  [  2.21525383e+00   4.82088184e+00]]]",0.395638829825,,,,2.25346648348,,4.13004302979
5.727e+11,"[[[  2.07682660e-06  -1.14113917e-07]
  [  2.05187825e-06  -2.73031816e-07]
  [  2.42379929e-06  -4.26485315e-07]
  ..., 
  [  2.54180054e-06   1.35564449e-07]
  [  2.57410966e-06   1.23191981e-08]
  [  2.67758514e-06  -2.19296208e-08]]

 [[  1.88077490e-06  -1.19930775e-07]
  [  1.83972020e-06  -2.94858722e-07]
  [  2.26365705e-06  -4.58679239e-07]
  ..., 
  [  3.12873635e-06  -3.55520733e-08]
  [  3.15389684e-06  -1.24452029e-07]
  [  3.22008873e-06  -1.63832652e-07]]

 [[  1.35683410e-06  -2.91342502e-07]
  [  1.29218643e-06  -4.67995363e-07]
  [  1.60960042e-06  -5.89412593e-07]
  ..., 
  [  3.11868666e-06  -1.09970536e-07]
  [  3.14681847e-06  -1.82076207e-07]
  [  3.19113428e-06  -2.41619261e-07]]

 ..., 
 [[ -2.27438855e+00   6.72432089e+00]
  [ -2.30854011e+00   6.81027746e+00]
  [ -2.36580253e+00   6.87279606e+00]
  ..., 
  [  2.85884976e+00   6.73819256e+00]
  [  3.03578758e+00   6.67831945e+00]
  [  3.23873806e+00   6.49820566e+00]]

 [[ -2.13214588e+00   6.55459166e+00]
  [ -2.21862340e+00   6.66602516e+00]
  [ -2.30309725e+00   6.74850178e+00]
  ..., 
  [  2.67501712e+00   6.34591389e+00]
  [  2.77265215e+00   6.18559980e+00]
  [  2.84459782e+00   5.88879538e+00]]

 [[ -1.99259889e+00   6.40692472e+00]
  [ -2.11849332e+00   6.52641821e+00]
  [ -2.22348309e+00   6.59887934e+00]
  ..., 
  [  2.29499078e+00   5.76255894e+00]
  [  2.35825729e+00   5.51173782e+00]
  [  2.27286744e+00   5.10273838e+00]]]",0.40367604244,,,,1.83314912394,,4.13082122803
